時間[sec],試験力[kN],ストローク[mm],ひずみ[×10-6],荷重[N],モーメント[Nmm],断面二次モーメント,応力[Mpa]
0,0.0000313,0,-4,0.01565,0.23475,4.760166667,0.032055075
0.05,0,0,-4,0,0,,0
0.1,0.000219,0,0,0.1095,1.6425,,0.224283113
0.15,0.0000625,0,0,0.03125,0.46875,,0.064007738
0.2,-0.0000313,0.001,0,-0.01565,-0.23475,,-0.032055075
0.25,0.0000938,0.001,-4,0.0469,0.7035,,0.096062813
0.3,0.00025,0.002,0,0.125,1.875,,0.256030951
0.35,0.0000938,0.002,0,0.0469,0.7035,,0.096062813
0.4,0.0000625,0.002,-4,0.03125,0.46875,,0.064007738
0.45,0.000219,0.003,0,0.1095,1.6425,,0.224283113
0.5,0.000156,0.003,0,0.078,1.17,,0.159763314
0.55,0.0000625,0.004,0,0.03125,0.46875,,0.064007738
0.6,0.000219,0.004,0,0.1095,1.6425,,0.224283113
0.65,0.00025,0.004,0,0.125,1.875,,0.256030951
0.7,0.0001875,0.005,0,0.09375,1.40625,,0.192023213
0.75,0.00025,0.005,0,0.125,1.875,,0.256030951
0.8,0.000375,0.006,4,0.1875,2.8125,,0.384046427
0.85,0.00025,0.006,4,0.125,1.875,,0.256030951
0.9,0.0003125,0.007,4,0.15625,2.34375,,0.320038689
0.95,0.000594,0.007,4,0.297,4.455,,0.60832954
1,0.0005,0.007,4,0.25,3.75,,0.512061903
1.05,0.0005,0.008,8,0.25,3.75,,0.512061903
1.1,0.000625,0.008,8,0.3125,4.6875,,0.640077378
1.15,0.000875,0.009,4,0.4375,6.5625,,0.89610833
1.2,0.0006875,0.009,8,0.34375,5.15625,,0.704085116
1.25,0.00075,0.01,8,0.375,5.625,,0.768092854
1.3,0.00103,0.01,8,0.515,7.725,,1.054847519
1.35,0.000875,0.01,8,0.4375,6.5625,,0.89610833
1.4,0.000844,0.011,8,0.422,6.33,,0.864360492
1.45,0.000969,0.011,12,0.4845,7.2675,,0.992375967
1.5,0.00122,0.012,12,0.61,9.15,,1.249431042
1.55,0.001125,0.012,8,0.5625,8.4375,,1.152139281
1.6,0.00109,0.012,12,0.545,8.175,,1.116294948
1.65,0.00134,0.013,12,0.67,10.05,,1.372325899
1.7,0.00128,0.013,12,0.64,9.6,,1.310878471
1.75,0.00128,0.014,16,0.64,9.6,,1.310878471
1.8,0.00141,0.014,16,0.705,10.575,,1.444014565
1.85,0.0016875,0.015,16,0.84375,12.65625,,1.728208921
1.9,0.00147,0.015,16,0.735,11.025,,1.505461994
1.95,0.00159,0.015,16,0.795,11.925,,1.62835685
2,0.00172,0.016,16,0.86,12.9,,1.761492945
2.05,0.00172,0.016,20,0.86,12.9,,1.761492945
2.1,0.0015625,0.017,20,0.78125,11.71875,,1.600193446
2.15,0.00191,0.017,20,0.955,14.325,,1.956076468
2.2,0.002,0.017,20,1,15,,2.04824761
2.25,0.00184,0.018,20,0.92,13.8,,1.884387802
2.3,0.00191,0.018,20,0.955,14.325,,1.956076468
2.35,0.0021875,0.019,24,1.09375,16.40625,,2.240270824
2.4,0.0020625,0.019,24,1.03125,15.46875,,2.112255348
2.45,0.0020625,0.02,24,1.03125,15.46875,,2.112255348
2.5,0.0021875,0.02,24,1.09375,16.40625,,2.240270824
2.55,0.00241,0.02,24,1.205,18.075,,2.468138371
2.6,0.0021875,0.021,24,1.09375,16.40625,,2.240270824
2.65,0.00234,0.021,28,1.17,17.55,,2.396449704
2.7,0.0025625,0.022,28,1.28125,19.21875,,2.624317251
2.75,0.002375,0.022,28,1.1875,17.8125,,2.432294037
2.8,0.00247,0.022,28,1.235,18.525,,2.529585799
2.85,0.002625,0.023,28,1.3125,19.6875,,2.688324989
2.9,0.00275,0.023,28,1.375,20.625,,2.816340464
2.95,0.0025625,0.024,28,1.28125,19.21875,,2.624317251
3,0.002625,0.024,32,1.3125,19.6875,,2.688324989
3.05,0.0029375,0.025,32,1.46875,22.03125,,3.008363678
3.1,0.00275,0.025,32,1.375,20.625,,2.816340464
3.15,0.00291,0.025,32,1.455,21.825,,2.980200273
3.2,0.00297,0.026,32,1.485,22.275,,3.041647701
3.25,0.00303,0.026,36,1.515,22.725,,3.10309513
3.3,0.002875,0.027,32,1.4375,21.5625,,2.94435594
3.35,0.003,0.027,36,1.5,22.5,,3.072371416
3.4,0.00325,0.027,36,1.625,24.375,,3.328402367
3.45,0.00322,0.028,36,1.61,24.15,,3.297678653
3.5,0.00309,0.028,36,1.545,23.175,,3.164542558
3.55,0.003375,0.029,36,1.6875,25.3125,,3.456417843
3.6,0.00353,0.029,36,1.765,26.475,,3.615157032
3.65,0.0033125,0.03,40,1.65625,24.84375,,3.392410105
3.7,0.00334,0.03,36,1.67,25.05,,3.420573509
3.75,0.0036875,0.03,40,1.84375,27.65625,,3.776456532
3.8,0.0034375,0.031,36,1.71875,25.78125,,3.52042558
3.85,0.00347,0.031,40,1.735,26.025,,3.553709604
3.9,0.00384,0.032,40,1.92,28.8,,3.932635412
3.95,0.00378,0.032,44,1.89,28.35,,3.871187984
4,0.00372,0.032,40,1.86,27.9,,3.809740555
4.05,0.00375,0.033,44,1.875,28.125,,3.840464269
4.1,0.00384,0.033,40,1.92,28.8,,3.932635412
4.15,0.00375,0.034,40,1.875,28.125,,3.840464269
4.2,0.00366,0.034,40,1.83,27.45,,3.748293127
4.25,0.00391,0.035,44,1.955,29.325,,4.004324078
4.3,0.00391,0.035,44,1.955,29.325,,4.004324078
4.35,0.00375,0.035,44,1.875,28.125,,3.840464269
4.4,0.0039375,0.036,44,1.96875,29.53125,,4.032487483
4.45,0.00403,0.036,44,2.015,30.225,,4.127218935
4.5,0.00397,0.037,44,1.985,29.775,,4.065771507
4.55,0.00391,0.037,44,1.955,29.325,,4.004324078
4.6,0.004125,0.037,44,2.0625,30.9375,,4.224510696
4.65,0.00403,0.038,44,2.015,30.225,,4.127218935
4.7,0.00391,0.038,44,1.955,29.325,,4.004324078
4.75,0.00397,0.039,44,1.985,29.775,,4.065771507
4.8,0.00422,0.039,44,2.11,31.65,,4.321802458
4.85,0.0039375,0.04,44,1.96875,29.53125,,4.032487483
4.9,0.004,0.04,44,2,30,,4.096495221
4.95,0.00416,0.04,44,2.08,31.2,,4.26035503
5,0.004125,0.041,44,2.0625,30.9375,,4.224510696
5.05,0.004,0.041,44,2,30,,4.096495221
5.1,0.0040625,0.042,44,2.03125,30.46875,,4.160502959
5.15,0.00422,0.042,44,2.11,31.65,,4.321802458
5.2,0.0040625,0.042,44,2.03125,30.46875,,4.160502959
5.25,0.0040625,0.043,44,2.03125,30.46875,,4.160502959
5.3,0.0041875,0.043,44,2.09375,31.40625,,4.288518434
5.35,0.0040625,0.044,44,2.03125,30.46875,,4.160502959
5.4,0.0039375,0.044,44,1.96875,29.53125,,4.032487483
5.45,0.004,0.045,44,2,30,,4.096495221
5.5,0.0041875,0.045,44,2.09375,31.40625,,4.288518434
5.55,0.00391,0.045,44,1.955,29.325,,4.004324078
5.6,0.00403,0.046,44,2.015,30.225,,4.127218935
5.65,0.0041875,0.046,44,2.09375,31.40625,,4.288518434
5.7,0.0040625,0.047,44,2.03125,30.46875,,4.160502959
5.75,0.004,0.047,44,2,30,,4.096495221
5.8,0.00416,0.047,40,2.08,31.2,,4.26035503
5.85,0.00422,0.048,44,2.11,31.65,,4.321802458
5.9,0.004,0.048,44,2,30,,4.096495221
5.95,0.0040625,0.049,44,2.03125,30.46875,,4.160502959
6,0.00422,0.049,44,2.11,31.65,,4.321802458
6.05,0.004125,0.05,44,2.0625,30.9375,,4.224510696
6.1,0.0040625,0.05,44,2.03125,30.46875,,4.160502959
6.15,0.0041875,0.05,44,2.09375,31.40625,,4.288518434
6.2,0.0043125,0.051,44,2.15625,32.34375,,4.41653391
6.25,0.004,0.051,48,2,30,,4.096495221
6.3,0.00409,0.052,44,2.045,30.675,,4.188666363
6.35,0.00422,0.052,44,2.11,31.65,,4.321802458
6.4,0.0040625,0.052,44,2.03125,30.46875,,4.160502959
6.45,0.00397,0.053,44,1.985,29.775,,4.065771507
6.5,0.004125,0.053,44,2.0625,30.9375,,4.224510696
6.55,0.0041875,0.054,44,2.09375,31.40625,,4.288518434
6.6,0.00397,0.054,44,1.985,29.775,,4.065771507
6.65,0.00403,0.055,44,2.015,30.225,,4.127218935
6.7,0.00422,0.055,44,2.11,31.65,,4.321802458
6.75,0.004,0.055,44,2,30,,4.096495221
6.8,0.004,0.056,44,2,30,,4.096495221
6.85,0.0040625,0.056,44,2.03125,30.46875,,4.160502959
6.9,0.00416,0.057,44,2.08,31.2,,4.26035503
6.95,0.0039375,0.057,44,1.96875,29.53125,,4.032487483
7,0.004125,0.057,44,2.0625,30.9375,,4.224510696
7.05,0.0043125,0.058,44,2.15625,32.34375,,4.41653391
7.1,0.0040625,0.058,44,2.03125,30.46875,,4.160502959
7.15,0.00409,0.059,44,2.045,30.675,,4.188666363
7.2,0.0041875,0.059,44,2.09375,31.40625,,4.288518434
7.25,0.00425,0.06,44,2.125,31.875,,4.352526172
7.3,0.0040625,0.06,44,2.03125,30.46875,,4.160502959
7.35,0.00403,0.06,44,2.015,30.225,,4.127218935
7.4,0.0041875,0.061,44,2.09375,31.40625,,4.288518434
7.45,0.00403,0.061,44,2.015,30.225,,4.127218935
7.5,0.004,0.062,44,2,30,,4.096495221
7.55,0.004125,0.062,44,2.0625,30.9375,,4.224510696
7.6,0.00422,0.062,44,2.11,31.65,,4.321802458
7.65,0.00403,0.063,44,2.015,30.225,,4.127218935
7.7,0.00416,0.063,44,2.08,31.2,,4.26035503
7.75,0.004375,0.064,44,2.1875,32.8125,,4.480541648
7.8,0.004125,0.064,44,2.0625,30.9375,,4.224510696
7.85,0.00416,0.065,48,2.08,31.2,,4.26035503
7.9,0.0043125,0.065,44,2.15625,32.34375,,4.41653391
7.95,0.004375,0.065,44,2.1875,32.8125,,4.480541648
8,0.00422,0.066,44,2.11,31.65,,4.321802458
8.05,0.00416,0.066,48,2.08,31.2,,4.26035503
8.1,0.0044375,0.067,44,2.21875,33.28125,,4.544549386
8.15,0.00425,0.067,44,2.125,31.875,,4.352526172
8.2,0.0041875,0.067,44,2.09375,31.40625,,4.288518434
8.25,0.00434,0.068,48,2.17,32.55,,4.444697315
8.3,0.00434,0.068,44,2.17,32.55,,4.444697315
8.35,0.00422,0.069,48,2.11,31.65,,4.321802458
8.4,0.00425,0.069,44,2.125,31.875,,4.352526172
8.45,0.0045,0.07,48,2.25,33.75,,4.608557123
8.5,0.00425,0.07,44,2.125,31.875,,4.352526172
8.55,0.00434,0.07,48,2.17,32.55,,4.444697315
8.6,0.00453,0.071,48,2.265,33.975,,4.639280838
8.65,0.00453,0.071,48,2.265,33.975,,4.639280838
8.7,0.0044375,0.072,48,2.21875,33.28125,,4.544549386
8.75,0.0044375,0.072,48,2.21875,33.28125,,4.544549386
8.8,0.0046875,0.072,48,2.34375,35.15625,,4.800580337
8.85,0.00447,0.073,48,2.235,33.525,,4.577833409
8.9,0.0045625,0.073,48,2.28125,34.21875,,4.672564861
8.95,0.00466,0.074,48,2.33,34.95,,4.772416932
9,0.00475,0.074,48,2.375,35.625,,4.864588075
9.05,0.00459,0.075,52,2.295,34.425,,4.700728266
9.1,0.00466,0.075,52,2.33,34.95,,4.772416932
9.15,0.00491,0.075,52,2.455,36.825,,5.028447883
9.2,0.00484,0.076,48,2.42,36.3,,4.956759217
9.25,0.00478,0.076,52,2.39,35.85,,4.895311789
9.3,0.0049375,0.077,52,2.46875,37.03125,,5.056611288
9.35,0.00503,0.077,56,2.515,37.725,,5.15134274
9.4,0.00491,0.077,56,2.455,36.825,,5.028447883
9.45,0.0049375,0.078,56,2.46875,37.03125,,5.056611288
9.5,0.0051875,0.078,56,2.59375,38.90625,,5.312642239
9.55,0.00503,0.079,56,2.515,37.725,,5.15134274
9.6,0.00509,0.079,56,2.545,38.175,,5.212790168
9.65,0.00528,0.08,60,2.64,39.6,,5.407373691
9.7,0.00534,0.08,56,2.67,40.05,,5.46882112
9.75,0.0053125,0.08,60,2.65625,39.84375,,5.440657715
9.8,0.00516,0.081,56,2.58,38.7,,5.284478835
9.85,0.0055625,0.081,60,2.78125,41.71875,,5.696688666
9.9,0.00541,0.082,60,2.705,40.575,,5.540509786
9.95,0.005375,0.082,60,2.6875,40.3125,,5.504665453
10,0.00553,0.082,60,2.765,41.475,,5.663404643
10.05,0.00572,0.083,60,2.86,42.9,,5.857988166
10.1,0.005625,0.083,64,2.8125,42.1875,,5.760696404
10.15,0.00559,0.084,64,2.795,41.925,,5.724852071
10.2,0.00591,0.084,64,2.955,44.325,,6.052571689
10.25,0.0056875,0.085,64,2.84375,42.65625,,5.824704142
10.3,0.0058125,0.085,64,2.90625,43.59375,,5.952719618
10.35,0.005875,0.085,64,2.9375,44.0625,,6.016727355
10.4,0.00597,0.086,64,2.985,44.775,,6.114019117
10.45,0.005875,0.086,68,2.9375,44.0625,,6.016727355
10.5,0.006,0.087,68,3,45,,6.144742831
10.55,0.00622,0.087,68,3.11,46.65,,6.370050068
10.6,0.00622,0.087,68,3.11,46.65,,6.370050068
10.65,0.006125,0.088,68,3.0625,45.9375,,6.272758307
10.7,0.00616,0.088,68,3.08,46.2,,6.30860264
10.75,0.00641,0.089,72,3.205,48.075,,6.564633591
10.8,0.00622,0.089,68,3.11,46.65,,6.370050068
10.85,0.00634,0.09,72,3.17,47.55,,6.492944925
10.9,0.0065625,0.09,72,3.28125,49.21875,,6.720812472
10.95,0.0065,0.09,76,3.25,48.75,,6.656804734
11,0.00641,0.091,72,3.205,48.075,,6.564633591
11.05,0.00653,0.091,72,3.265,48.975,,6.687528448
11.1,0.00675,0.092,76,3.375,50.625,,6.912835685
11.15,0.00666,0.092,76,3.33,49.95,,6.820664543
11.2,0.006625,0.092,76,3.3125,49.6875,,6.784820209
11.25,0.00684,0.093,76,3.42,51.3,,7.005006827
11.3,0.00697,0.093,76,3.485,52.275,,7.138142922
11.35,0.00678,0.094,76,3.39,50.85,,6.943559399
11.4,0.00684,0.094,76,3.42,51.3,,7.005006827
11.45,0.00716,0.095,80,3.58,53.7,,7.332726445
11.5,0.0069375,0.095,76,3.46875,52.03125,,7.104858898
11.55,0.007,0.095,80,3.5,52.5,,7.168866636
11.6,0.0071875,0.096,80,3.59375,53.90625,,7.36088985
11.65,0.00734,0.096,80,3.67,55.05,,7.51706873
11.7,0.00716,0.097,84,3.58,53.7,,7.332726445
11.75,0.0073125,0.097,84,3.65625,54.84375,,7.488905325
11.8,0.00747,0.097,84,3.735,56.025,,7.650204825
11.85,0.00741,0.098,84,3.705,55.575,,7.588757396
11.9,0.0075,0.098,84,3.75,56.25,,7.680928539
11.95,0.00766,0.099,88,3.83,57.45,,7.844788348
12,0.007625,0.099,84,3.8125,57.1875,,7.808944015
12.05,0.00766,0.1,84,3.83,57.45,,7.844788348
12.1,0.00766,0.1,88,3.83,57.45,,7.844788348
12.15,0.00791,0.1,88,3.955,59.325,,8.100819299
12.2,0.008,0.101,88,4,60,,8.192990442
12.25,0.00775,0.101,88,3.875,58.125,,7.93695949
12.3,0.0079375,0.102,88,3.96875,59.53125,,8.128982704
12.35,0.00809,0.102,88,4.045,60.675,,8.285161584
12.4,0.00803,0.102,92,4.015,60.225,,8.223714156
12.45,0.008,0.103,92,4,60,,8.192990442
12.5,0.00822,0.103,88,4.11,61.65,,8.418297679
12.55,0.008375,0.104,92,4.1875,62.8125,,8.577036868
12.6,0.008125,0.104,92,4.0625,60.9375,,8.321005917
12.65,0.0083125,0.105,96,4.15625,62.34375,,8.513029131
12.7,0.0085,0.105,92,4.25,63.75,,8.705052344
12.75,0.00834,0.105,96,4.17,62.55,,8.541192535
12.8,0.00828,0.106,96,4.14,62.1,,8.479745107
12.85,0.00859,0.106,96,4.295,64.425,,8.797223487
12.9,0.00872,0.107,96,4.36,65.4,,8.930359581
12.95,0.00853,0.107,96,4.265,63.975,,8.735776058
13,0.008625,0.107,100,4.3125,64.6875,,8.83306782
13.05,0.008875,0.108,100,4.4375,66.5625,,9.089098771
13.1,0.0088125,0.108,100,4.40625,66.09375,,9.025091033
13.15,0.00875,0.109,100,4.375,65.625,,8.961083295
13.2,0.00884,0.109,100,4.42,66.3,,9.053254438
13.25,0.00916,0.11,104,4.58,68.7,,9.380974056
13.3,0.00897,0.11,100,4.485,67.275,,9.186390533
13.35,0.009,0.11,104,4.5,67.5,,9.217114247
13.4,0.00925,0.111,100,4.625,69.375,,9.473145198
13.45,0.0093125,0.111,104,4.65625,69.84375,,9.537152936
13.5,0.0091875,0.112,104,4.59375,68.90625,,9.40913746
13.55,0.00922,0.112,108,4.61,69.15,,9.442421484
13.6,0.00953,0.112,104,4.765,71.475,,9.759899863
13.65,0.00934,0.113,108,4.67,70.05,,9.56531634
13.7,0.00941,0.113,108,4.705,70.575,,9.637005007
13.75,0.00959,0.114,108,4.795,71.925,,9.821347292
13.8,0.00978,0.114,108,4.89,73.35,,10.01593081
13.85,0.0096875,0.115,112,4.84375,72.65625,,9.921199363
13.9,0.0096875,0.115,108,4.84375,72.65625,,9.921199363
13.95,0.0099375,0.115,112,4.96875,74.53125,,10.17723031
14,0.00991,0.116,112,4.955,74.325,,10.14906691
14.05,0.00997,0.116,112,4.985,74.775,,10.21051434
14.1,0.00991,0.117,112,4.955,74.325,,10.14906691
14.15,0.0103125,0.117,116,5.15625,77.34375,,10.56127674
14.2,0.0100625,0.117,112,5.03125,75.46875,,10.30524579
14.25,0.0101875,0.118,116,5.09375,76.40625,,10.43326127
14.3,0.0103125,0.118,112,5.15625,77.34375,,10.56127674
14.35,0.0103125,0.119,116,5.15625,77.34375,,10.56127674
14.4,0.0103125,0.119,116,5.15625,77.34375,,10.56127674
14.45,0.0103125,0.12,120,5.15625,77.34375,,10.56127674
14.5,0.0106,0.12,120,5.3,79.5,,10.85571234
14.55,0.0105,0.12,116,5.25,78.75,,10.75329995
14.6,0.0105,0.121,120,5.25,78.75,,10.75329995
14.65,0.0106875,0.121,120,5.34375,80.15625,,10.94532317
14.7,0.0108,0.122,120,5.4,81,,11.0605371
14.75,0.0105625,0.122,120,5.28125,79.21875,,10.81730769
14.8,0.0109,0.122,120,5.45,81.75,,11.16294948
14.85,0.011,0.123,124,5.5,82.5,,11.26536186
14.9,0.0109,0.123,120,5.45,81.75,,11.16294948
14.95,0.010875,0.124,124,5.4375,81.5625,,11.13734638
15,0.0109375,0.124,124,5.46875,82.03125,,11.20135412
15.05,0.0113,0.125,124,5.65,84.75,,11.572599
15.1,0.0110625,0.125,128,5.53125,82.96875,,11.32936959
15.15,0.011125,0.125,128,5.5625,83.4375,,11.39337733
15.2,0.0113,0.126,124,5.65,84.75,,11.572599
15.25,0.0114375,0.126,128,5.71875,85.78125,,11.71341602
15.3,0.01125,0.127,128,5.625,84.375,,11.52139281
15.35,0.01125,0.127,132,5.625,84.375,,11.52139281
15.4,0.011625,0.127,128,5.8125,87.1875,,11.90543924
15.45,0.0115,0.128,128,5.75,86.25,,11.77742376
15.5,0.0115,0.128,132,5.75,86.25,,11.77742376
15.55,0.011625,0.129,132,5.8125,87.1875,,11.90543924
15.6,0.0119,0.129,132,5.95,89.25,,12.18707328
15.65,0.0118,0.13,132,5.9,88.5,,12.0846609
15.7,0.01175,0.13,132,5.875,88.125,,12.03345471
15.75,0.012,0.13,136,6,90,,12.28948566
15.8,0.0120625,0.131,136,6.03125,90.46875,,12.3534934
15.85,0.011875,0.131,128,5.9375,89.0625,,12.16147019
15.9,0.012,0.132,136,6,90,,12.28948566
15.95,0.0123,0.132,140,6.15,92.25,,12.5967228
16,0.01225,0.132,136,6.125,91.875,,12.54551661
16.05,0.0123125,0.133,136,6.15625,92.34375,,12.60952435
16.1,0.0123,0.133,140,6.15,92.25,,12.5967228
16.15,0.0124,0.134,140,6.2,93,,12.69913518
16.2,0.0123,0.134,140,6.15,92.25,,12.5967228
16.25,0.0125,0.135,140,6.25,93.75,,12.80154756
16.3,0.012625,0.135,140,6.3125,94.6875,,12.92956304
16.35,0.0125,0.135,144,6.25,93.75,,12.80154756
16.4,0.0125,0.136,144,6.25,93.75,,12.80154756
16.45,0.0127,0.136,144,6.35,95.25,,13.00637233
16.5,0.0129,0.137,144,6.45,96.75,,13.21119709
16.55,0.0126875,0.137,144,6.34375,95.15625,,12.99357078
16.6,0.01275,0.137,148,6.375,95.625,,13.05757852
16.65,0.013,0.138,148,6.5,97.5,,13.31360947
16.7,0.0131,0.138,148,6.55,98.25,,13.41602185
16.75,0.013,0.139,148,6.5,97.5,,13.31360947
16.8,0.0130625,0.139,148,6.53125,97.96875,,13.37761721
16.85,0.0133,0.14,148,6.65,99.75,,13.62084661
16.9,0.01325,0.14,148,6.625,99.375,,13.56964042
16.95,0.0131875,0.14,148,6.59375,98.90625,,13.50563268
17,0.0133125,0.141,148,6.65625,99.84375,,13.63364816
17.05,0.0135625,0.141,152,6.78125,101.71875,,13.88967911
17.1,0.0134375,0.142,152,6.71875,100.78125,,13.76166363
17.15,0.0135,0.142,152,6.75,101.25,,13.82567137
17.2,0.01375,0.142,152,6.875,103.125,,14.08170232
17.25,0.0137,0.143,156,6.85,102.75,,14.03049613
17.3,0.0135,0.143,156,6.75,101.25,,13.82567137
17.35,0.01375,0.144,156,6.875,103.125,,14.08170232
17.4,0.013875,0.144,156,6.9375,104.0625,,14.2097178
17.45,0.0138,0.145,156,6.9,103.5,,14.13290851
17.5,0.0138125,0.145,156,6.90625,103.59375,,14.14571006
17.55,0.0139,0.145,160,6.95,104.25,,14.23532089
17.6,0.0142,0.146,160,7.1,106.5,,14.54255803
17.65,0.014,0.146,160,7,105,,14.33773327
17.7,0.0140625,0.147,160,7.03125,105.46875,,14.40174101
17.75,0.0143,0.147,160,7.15,107.25,,14.64497041
17.8,0.0144375,0.147,160,7.21875,108.28125,,14.78578744
17.85,0.014375,0.148,160,7.1875,107.8125,,14.7217797
17.9,0.0143,0.148,164,7.15,107.25,,14.64497041
17.95,0.0145625,0.149,164,7.28125,109.21875,,14.91380291
18,0.0145625,0.149,164,7.28125,109.21875,,14.91380291
18.05,0.0145,0.15,164,7.25,108.75,,14.84979518
18.1,0.0146875,0.15,168,7.34375,110.15625,,15.04181839
18.15,0.014875,0.15,168,7.4375,111.5625,,15.2338416
18.2,0.014625,0.151,168,7.3125,109.6875,,14.97781065
18.25,0.01475,0.151,168,7.375,110.625,,15.10582613
18.3,0.015,0.152,168,7.5,112.5,,15.36185708
18.35,0.0149375,0.152,172,7.46875,112.03125,,15.29784934
18.4,0.015,0.152,172,7.5,112.5,,15.36185708
18.45,0.015,0.153,172,7.5,112.5,,15.36185708
18.5,0.0153,0.153,172,7.65,114.75,,15.66909422
18.55,0.015125,0.154,172,7.5625,113.4375,,15.48987255
18.6,0.0151,0.154,172,7.55,113.25,,15.46426946
18.65,0.0155,0.155,172,7.75,116.25,,15.87391898
18.7,0.0154375,0.155,176,7.71875,115.78125,,15.80991124
18.75,0.0153125,0.155,176,7.65625,114.84375,,15.68189577
18.8,0.015375,0.156,176,7.6875,115.3125,,15.7459035
18.85,0.0157,0.156,176,7.85,117.75,,16.07874374
18.9,0.0157,0.157,176,7.85,117.75,,16.07874374
18.95,0.0155625,0.157,180,7.78125,116.71875,,15.93792672
19,0.0156875,0.157,180,7.84375,117.65625,,16.06594219
19.05,0.0159,0.158,180,7.95,119.25,,16.2835685
19.1,0.0158,0.158,176,7.9,118.5,,16.18115612
19.15,0.01575,0.159,180,7.875,118.125,,16.12994993
19.2,0.0159375,0.159,180,7.96875,119.53125,,16.32197315
19.25,0.016125,0.16,184,8.0625,120.9375,,16.51399636
19.3,0.016,0.16,180,8,120,,16.38598088
19.35,0.016,0.16,184,8,120,,16.38598088
19.4,0.016375,0.161,184,8.1875,122.8125,,16.77002731
19.45,0.0164,0.161,184,8.2,123,,16.79563041
19.5,0.0163,0.162,184,8.15,122.25,,16.69321802
19.55,0.016375,0.162,184,8.1875,122.8125,,16.77002731
19.6,0.016625,0.162,184,8.3125,124.6875,,17.02605826
19.65,0.0165,0.163,188,8.25,123.75,,16.89804279
19.7,0.0165,0.163,184,8.25,123.75,,16.89804279
19.75,0.016625,0.164,188,8.3125,124.6875,,17.02605826
19.8,0.0168125,0.164,188,8.40625,126.09375,,17.21808147
19.85,0.0167,0.165,188,8.35,125.25,,17.10286755
19.9,0.0168125,0.165,188,8.40625,126.09375,,17.21808147
19.95,0.017125,0.165,188,8.5625,128.4375,,17.53812016
20,0.017,0.166,192,8.5,127.5,,17.41010469
20.05,0.017,0.166,188,8.5,127.5,,17.41010469
20.1,0.017,0.167,192,8.5,127.5,,17.41010469
20.15,0.0173,0.167,192,8.65,129.75,,17.71734183
20.2,0.017125,0.167,192,8.5625,128.4375,,17.53812016
20.25,0.0172,0.168,192,8.6,129,,17.61492945
20.3,0.01725,0.168,192,8.625,129.375,,17.66613564
20.35,0.0175625,0.169,196,8.78125,131.71875,,17.98617433
20.4,0.017375,0.169,196,8.6875,130.3125,,17.79415112
20.45,0.0174375,0.17,196,8.71875,130.78125,,17.85815885
20.5,0.0177,0.17,196,8.85,132.75,,18.12699135
20.55,0.0176875,0.17,196,8.84375,132.65625,,18.1141898
20.6,0.0176,0.171,196,8.8,132,,18.02457897
20.65,0.0178,0.171,196,8.9,133.5,,18.22940373
20.7,0.018,0.172,200,9,135,,18.43422849
20.75,0.0178,0.172,200,8.9,133.5,,18.22940373
20.8,0.017875,0.172,200,8.9375,134.0625,,18.30621302
20.85,0.018,0.173,200,9,135,,18.43422849
20.9,0.0182,0.173,204,9.1,136.5,,18.63905325
20.95,0.018,0.174,204,9,135,,18.43422849
21,0.0180625,0.174,204,9.03125,135.46875,,18.49823623
21.05,0.0183125,0.175,204,9.15625,137.34375,,18.75426718
21.1,0.0183,0.175,208,9.15,137.25,,18.74146563
21.15,0.01825,0.175,208,9.125,136.875,,18.69025944
21.2,0.018375,0.176,208,9.1875,137.8125,,18.81827492
21.25,0.0186,0.176,204,9.3,139.5,,19.04870278
21.3,0.0184375,0.177,208,9.21875,138.28125,,18.88228266
21.35,0.0185625,0.177,208,9.28125,139.21875,,19.01029813
21.4,0.018625,0.177,212,9.3125,139.6875,,19.07430587
21.45,0.0188,0.178,208,9.4,141,,19.25352754
21.5,0.0187,0.178,212,9.35,140.25,,19.15111516
21.55,0.0188,0.179,212,9.4,141,,19.25352754
21.6,0.019,0.179,212,9.5,142.5,,19.4583523
21.65,0.0190625,0.18,212,9.53125,142.96875,,19.52236004
21.7,0.0189,0.18,216,9.45,141.75,,19.35593992
21.75,0.0191,0.18,212,9.55,143.25,,19.56076468
21.8,0.0194,0.181,216,9.7,145.5,,19.86800182
21.85,0.0192,0.181,216,9.6,144,,19.66317706
21.9,0.01925,0.182,216,9.625,144.375,,19.71438325
21.95,0.0194375,0.182,216,9.71875,145.78125,,19.90640646
22,0.019625,0.182,220,9.8125,147.1875,,20.09842968
22.05,0.0195,0.183,216,9.75,146.25,,19.9704142
22.1,0.0195,0.183,216,9.75,146.25,,19.9704142
22.15,0.0197,0.184,220,9.85,147.75,,20.17523896
22.2,0.01975,0.184,220,9.875,148.125,,20.22644515
22.25,0.019625,0.185,220,9.8125,147.1875,,20.09842968
22.3,0.01975,0.185,224,9.875,148.125,,20.22644515
22.35,0.02,0.185,220,10,150,,20.4824761
22.4,0.0198,0.186,220,9.9,148.5,,20.27765134
22.45,0.0198,0.186,220,9.9,148.5,,20.27765134
22.5,0.02,0.187,220,10,150,,20.4824761
22.55,0.0202,0.187,220,10.1,151.5,,20.68730086
22.6,0.0199375,0.187,220,9.96875,149.53125,,20.41846837
22.65,0.0198,0.188,220,9.9,148.5,,20.27765134
22.7,0.02,0.188,224,10,150,,20.4824761
22.75,0.02,0.189,224,10,150,,20.4824761
22.8,0.0199,0.189,224,9.95,149.25,,20.38006372
22.85,0.02,0.19,224,10,150,,20.4824761
22.9,0.0203,0.19,228,10.15,152.25,,20.78971325
22.95,0.0202,0.19,224,10.1,151.5,,20.68730086
23,0.0202,0.191,228,10.1,151.5,,20.68730086
23.05,0.0203,0.191,228,10.15,152.25,,20.78971325
23.1,0.020625,0.192,228,10.3125,154.6875,,21.12255348
23.15,0.020375,0.192,228,10.1875,152.8125,,20.86652253
23.2,0.0205,0.192,232,10.25,153.75,,20.99453801
23.25,0.0207,0.193,228,10.35,155.25,,21.19936277
23.3,0.0208125,0.193,232,10.40625,156.09375,,21.3145767
23.35,0.0205625,0.194,228,10.28125,154.21875,,21.05854574
23.4,0.0206875,0.194,232,10.34375,155.15625,,21.18656122
23.45,0.021,0.195,232,10.5,157.5,,21.50659991
23.5,0.020875,0.195,232,10.4375,156.5625,,21.37858443
23.55,0.021,0.195,232,10.5,157.5,,21.50659991
23.6,0.021125,0.196,236,10.5625,158.4375,,21.63461538
23.65,0.0212,0.196,236,10.6,159,,21.71142467
23.7,0.0211,0.197,240,10.55,158.25,,21.60901229
23.75,0.02125,0.197,236,10.625,159.375,,21.76263086
23.8,0.0214,0.197,240,10.7,160.5,,21.91624943
23.85,0.0215625,0.198,236,10.78125,161.71875,,22.08266955
23.9,0.0213125,0.198,240,10.65625,159.84375,,21.8266386
23.95,0.0215,0.199,236,10.75,161.25,,22.01866181
24,0.0218,0.199,240,10.9,163.5,,22.32589895
24.05,0.0216875,0.2,240,10.84375,162.65625,,22.21068503
24.1,0.0215,0.2,244,10.75,161.25,,22.01866181
24.15,0.0216875,0.2,240,10.84375,162.65625,,22.21068503
24.2,0.0219,0.201,244,10.95,164.25,,22.42831133
24.25,0.021875,0.201,240,10.9375,164.0625,,22.40270824
24.3,0.0218,0.202,248,10.9,163.5,,22.32589895
24.35,0.022,0.202,244,11,165,,22.53072371
24.4,0.0221875,0.202,248,11.09375,166.40625,,22.72274693
24.45,0.022,0.203,244,11,165,,22.53072371
24.5,0.0221,0.203,248,11.05,165.75,,22.63313609
24.55,0.0224,0.204,248,11.2,168,,22.94037324
24.6,0.0223,0.204,252,11.15,167.25,,22.83796086
24.65,0.0223,0.205,248,11.15,167.25,,22.83796086
24.7,0.022375,0.205,252,11.1875,167.8125,,22.91477014
24.75,0.0225625,0.205,248,11.28125,169.21875,,23.10679335
24.8,0.0225,0.206,252,11.25,168.75,,23.04278562
24.85,0.0225625,0.206,252,11.28125,169.21875,,23.10679335
24.9,0.02275,0.207,252,11.375,170.625,,23.29881657
24.95,0.0228,0.207,252,11.4,171,,23.35002276
25,0.0228,0.207,256,11.4,171,,23.35002276
25.05,0.0228,0.208,252,11.4,171,,23.35002276
25.1,0.023,0.208,260,11.5,172.5,,23.55484752
25.15,0.02325,0.209,252,11.625,174.375,,23.81087847
25.2,0.023,0.209,260,11.5,172.5,,23.55484752
25.25,0.023,0.21,252,11.5,172.5,,23.55484752
25.3,0.0233125,0.21,264,11.65625,174.84375,,23.87488621
25.35,0.0232,0.21,256,11.6,174,,23.75967228
25.4,0.02325,0.211,264,11.625,174.375,,23.81087847
25.45,0.0234375,0.211,256,11.71875,175.78125,,24.00290168
25.5,0.023625,0.212,264,11.8125,177.1875,,24.1949249
25.55,0.0235625,0.212,260,11.78125,176.71875,,24.13091716
25.6,0.0235,0.212,264,11.75,176.25,,24.06690942
25.65,0.0238,0.213,256,11.9,178.5,,24.37414656
25.7,0.0238125,0.213,268,11.90625,178.59375,,24.38694811
25.75,0.0237,0.214,260,11.85,177.75,,24.27173418
25.8,0.0237,0.214,264,11.85,177.75,,24.27173418
25.85,0.0242,0.215,264,12.1,181.5,,24.78379609
25.9,0.0240625,0.215,272,12.03125,180.46875,,24.64297906
25.95,0.024,0.215,264,12,180,,24.57897132
26,0.024125,0.216,272,12.0625,180.9375,,24.7069868
26.05,0.0243125,0.216,264,12.15625,182.34375,,24.89901001
26.1,0.0242,0.217,272,12.1,181.5,,24.78379609
26.15,0.02425,0.217,268,12.125,181.875,,24.83500228
26.2,0.0243,0.217,276,12.15,182.25,,24.88620847
26.25,0.0245,0.218,268,12.25,183.75,,25.09103323
26.3,0.0245,0.218,276,12.25,183.75,,25.09103323
26.35,0.0245,0.219,268,12.25,183.75,,25.09103323
26.4,0.0248,0.219,280,12.4,186,,25.39827037
26.45,0.0246875,0.22,272,12.34375,185.15625,,25.28305644
26.5,0.0246875,0.22,276,12.34375,185.15625,,25.28305644
26.55,0.0248,0.22,272,12.4,186,,25.39827037
26.6,0.025,0.221,280,12.5,187.5,,25.60309513
26.65,0.0249375,0.221,272,12.46875,187.03125,,25.53908739
26.7,0.0249,0.222,284,12.45,186.75,,25.50068275
26.75,0.025,0.222,272,12.5,187.5,,25.60309513
26.8,0.0252,0.222,284,12.6,189,,25.80791989
26.85,0.025,0.223,276,12.5,187.5,,25.60309513
26.9,0.0252,0.223,288,12.6,189,,25.80791989
26.95,0.0254375,0.224,276,12.71875,190.78125,,26.05114929
27,0.0253,0.224,284,12.65,189.75,,25.91033227
27.05,0.0254375,0.225,276,12.71875,190.78125,,26.05114929
27.1,0.0255,0.225,288,12.75,191.25,,26.11515703
27.15,0.0256875,0.225,280,12.84375,192.65625,,26.30718025
27.2,0.0255625,0.226,292,12.78125,191.71875,,26.17916477
27.25,0.0255625,0.226,276,12.78125,191.71875,,26.17916477
27.3,0.0257,0.227,288,12.85,192.75,,26.31998179
27.35,0.026,0.227,280,13,195,,26.62721893
27.4,0.02575,0.227,292,12.875,193.125,,26.37118798
27.45,0.0258,0.228,284,12.9,193.5,,26.42239417
27.5,0.0261,0.228,292,13.05,195.75,,26.72963132
27.55,0.0260625,0.229,284,13.03125,195.46875,,26.69122667
27.6,0.026,0.229,292,13,195,,26.62721893
27.65,0.0261875,0.23,288,13.09375,196.40625,,26.81924215
27.7,0.0264,0.23,292,13.2,198,,27.03686846
27.75,0.0263,0.23,288,13.15,197.25,,26.93445608
27.8,0.0263,0.231,292,13.15,197.25,,26.93445608
27.85,0.0264,0.231,288,13.2,198,,27.03686846
27.9,0.0268,0.232,296,13.4,201,,27.44651798
27.95,0.0265,0.232,292,13.25,198.75,,27.13928084
28,0.0266,0.232,292,13.3,199.5,,27.24169322
28.05,0.0268125,0.233,296,13.40625,201.09375,,27.45931953
28.1,0.0269375,0.233,296,13.46875,202.03125,,27.587335
28.15,0.02675,0.234,296,13.375,200.625,,27.39531179
28.2,0.0268,0.234,296,13.4,201,,27.44651798
28.25,0.0271875,0.235,296,13.59375,203.90625,,27.84336595
28.3,0.0271,0.235,300,13.55,203.25,,27.75375512
28.35,0.027,0.235,300,13.5,202.5,,27.65134274
28.4,0.027125,0.236,300,13.5625,203.4375,,27.77935822
28.45,0.0275,0.236,300,13.75,206.25,,28.16340464
28.5,0.0272,0.237,304,13.6,204,,27.8561675
28.55,0.0272,0.237,304,13.6,204,,27.8561675
28.6,0.0273,0.237,304,13.65,204.75,,27.95857988
28.65,0.0277,0.238,304,13.85,207.75,,28.3682294
28.7,0.0275,0.238,304,13.75,206.25,,28.16340464
28.75,0.0275,0.239,308,13.75,206.25,,28.16340464
28.8,0.0278,0.239,304,13.9,208.5,,28.47064178
28.85,0.0277,0.24,308,13.85,207.75,,28.3682294
28.9,0.02775,0.24,312,13.875,208.125,,28.41943559
28.95,0.0278125,0.24,308,13.90625,208.59375,,28.48344333
29,0.028,0.241,312,14,210,,28.67546655
29.05,0.028,0.241,312,14,210,,28.67546655
29.1,0.0279375,0.242,312,13.96875,209.53125,,28.61145881
29.15,0.0280625,0.242,312,14.03125,210.46875,,28.73947428
29.2,0.02825,0.242,312,14.125,211.875,,28.9314975
29.25,0.0282,0.243,316,14.1,211.5,,28.88029131
29.3,0.02825,0.243,316,14.125,211.875,,28.9314975
29.35,0.0284,0.244,316,14.2,213,,29.08511607
29.4,0.0285,0.244,316,14.25,213.75,,29.18752845
29.45,0.0285,0.245,316,14.25,213.75,,29.18752845
29.5,0.0285,0.245,320,14.25,213.75,,29.18752845
29.55,0.0287,0.245,316,14.35,215.25,,29.39235321
29.6,0.0286875,0.246,320,14.34375,215.15625,,29.37955166
29.65,0.0286875,0.246,320,14.34375,215.15625,,29.37955166
29.7,0.0288,0.247,320,14.4,216,,29.49476559
29.75,0.0290625,0.247,320,14.53125,217.96875,,29.76359809
29.8,0.0288,0.247,320,14.4,216,,29.49476559
29.85,0.0289375,0.248,320,14.46875,217.03125,,29.63558261
29.9,0.0291,0.248,324,14.55,218.25,,29.80200273
29.95,0.02925,0.249,324,14.625,219.375,,29.9556213
30,0.0291875,0.249,324,14.59375,218.90625,,29.89161356
30.05,0.0291875,0.25,324,14.59375,218.90625,,29.89161356
30.1,0.0295,0.25,328,14.75,221.25,,30.21165225
30.15,0.0295,0.25,324,14.75,221.25,,30.21165225
30.2,0.0293125,0.251,324,14.65625,219.84375,,30.01962904
30.25,0.0294375,0.251,328,14.71875,220.78125,,30.14764452
30.3,0.0298,0.252,328,14.9,223.5,,30.51888939
30.35,0.0296,0.252,328,14.8,222,,30.31406463
30.4,0.029625,0.252,332,14.8125,222.1875,,30.33966773
30.45,0.02975,0.253,328,14.875,223.125,,30.4676832
30.5,0.0300625,0.253,336,15.03125,225.46875,,30.78772189
30.55,0.0298,0.254,332,14.9,223.5,,30.51888939
30.6,0.03,0.254,336,15,225,,30.72371416
30.65,0.0301875,0.255,336,15.09375,226.40625,,30.91573737
30.7,0.0301875,0.255,336,15.09375,226.40625,,30.91573737
30.75,0.03,0.255,332,15,225,,30.72371416
30.8,0.030125,0.256,336,15.0625,225.9375,,30.85172963
30.85,0.0305,0.256,336,15.25,228.75,,31.23577606
30.9,0.0304,0.257,340,15.2,228,,31.13336368
30.95,0.030375,0.257,336,15.1875,227.8125,,31.10776058
31,0.0305,0.257,344,15.25,228.75,,31.23577606
31.05,0.0307,0.258,336,15.35,230.25,,31.44060082
31.1,0.0306,0.258,340,15.3,229.5,,31.33818844
31.15,0.0306875,0.259,340,15.34375,230.15625,,31.42779927
31.2,0.0307,0.259,344,15.35,230.25,,31.44060082
31.25,0.031,0.26,344,15.5,232.5,,31.74783796
31.3,0.0308125,0.26,344,15.40625,231.09375,,31.55581475
31.35,0.0308,0.26,340,15.4,231,,31.5430132
31.4,0.0310625,0.261,348,15.53125,232.96875,,31.8118457
31.45,0.0311,0.261,344,15.55,233.25,,31.85025034
31.5,0.031,0.262,348,15.5,232.5,,31.74783796
31.55,0.0311875,0.262,344,15.59375,233.90625,,31.93986117
31.6,0.0314,0.262,348,15.7,235.5,,32.15748748
31.65,0.0313125,0.263,348,15.65625,234.84375,,32.06787665
31.7,0.0313,0.263,352,15.65,234.75,,32.0550751
31.75,0.0315,0.264,348,15.75,236.25,,32.25989986
31.8,0.0317,0.264,352,15.85,237.75,,32.46472462
31.85,0.0315625,0.265,348,15.78125,236.71875,,32.3239076
31.9,0.0316,0.265,356,15.8,237,,32.36231224
31.95,0.031875,0.265,352,15.9375,239.0625,,32.64394629
32,0.0319,0.266,356,15.95,239.25,,32.66954939
32.05,0.0318,0.266,352,15.9,238.5,,32.56713701
32.1,0.032,0.267,356,16,240,,32.77196177
32.15,0.0321,0.267,352,16.05,240.75,,32.87437415
32.2,0.0321,0.267,360,16.05,240.75,,32.87437415
32.25,0.032,0.268,356,16,240,,32.77196177
32.3,0.0321875,0.268,356,16.09375,241.40625,,32.96398498
32.35,0.0324375,0.269,356,16.21875,243.28125,,33.22001593
32.4,0.0323,0.269,360,16.15,242.25,,33.07919891
32.45,0.0323,0.27,360,16.15,242.25,,33.07919891
32.5,0.0324375,0.27,360,16.21875,243.28125,,33.22001593
32.55,0.0326875,0.27,356,16.34375,245.15625,,33.47604688
32.6,0.0325625,0.271,364,16.28125,244.21875,,33.34803141
32.65,0.0327,0.271,360,16.35,245.25,,33.48884843
32.7,0.0328125,0.272,364,16.40625,246.09375,,33.60406236
32.75,0.0328125,0.272,360,16.40625,246.09375,,33.60406236
32.8,0.0328,0.272,364,16.4,246,,33.59126081
32.85,0.0328,0.273,364,16.4,246,,33.59126081
32.9,0.0332,0.273,368,16.6,249,,34.00091033
32.95,0.0330625,0.274,364,16.53125,247.96875,,33.86009331
33,0.033,0.274,368,16.5,247.5,,33.79608557
33.05,0.033125,0.275,368,16.5625,248.4375,,33.92410105
33.1,0.0334,0.275,368,16.7,250.5,,34.20573509
33.15,0.03325,0.275,368,16.625,249.375,,34.05211652
33.2,0.0333,0.276,372,16.65,249.75,,34.10332271
33.25,0.0333,0.276,372,16.65,249.75,,34.10332271
33.3,0.033625,0.277,372,16.8125,252.1875,,34.43616295
33.35,0.0334375,0.277,372,16.71875,250.78125,,34.24413974
33.4,0.033625,0.277,372,16.8125,252.1875,,34.43616295
33.45,0.03375,0.278,372,16.875,253.125,,34.56417843
33.5,0.033875,0.278,372,16.9375,254.0625,,34.6921939
33.55,0.0338125,0.279,372,16.90625,253.59375,,34.62818616
33.6,0.0338,0.279,376,16.9,253.5,,34.61538462
33.65,0.0340625,0.28,376,17.03125,255.46875,,34.88421711
33.7,0.034,0.28,380,17,255,,34.82020938
33.75,0.0339375,0.28,376,16.96875,254.53125,,34.75620164
33.8,0.0340625,0.281,380,17.03125,255.46875,,34.88421711
33.85,0.0343,0.281,376,17.15,257.25,,35.12744652
33.9,0.0343,0.282,380,17.15,257.25,,35.12744652
33.95,0.0343,0.282,380,17.15,257.25,,35.12744652
34,0.034375,0.282,380,17.1875,257.8125,,35.2042558
34.05,0.0347,0.283,380,17.35,260.25,,35.53709604
34.1,0.0345,0.283,380,17.25,258.75,,35.33227128
34.15,0.0345,0.284,380,17.25,258.75,,35.33227128
34.2,0.03475,0.284,384,17.375,260.625,,35.58830223
34.25,0.0348,0.285,384,17.4,261,,35.63950842
34.3,0.0347,0.285,384,17.35,260.25,,35.53709604
34.35,0.0348,0.285,384,17.4,261,,35.63950842
34.4,0.035,0.286,384,17.5,262.5,,35.84433318
34.45,0.035,0.286,388,17.5,262.5,,35.84433318
34.5,0.0349375,0.287,388,17.46875,262.03125,,35.78032544
34.55,0.0352,0.287,388,17.6,264,,36.04915794
34.6,0.0353125,0.287,388,17.65625,264.84375,,36.16437187
34.65,0.0352,0.288,392,17.6,264,,36.04915794
34.7,0.03525,0.288,392,17.625,264.375,,36.10036413
34.75,0.035375,0.289,388,17.6875,265.3125,,36.22837961
34.8,0.0355,0.289,392,17.75,266.25,,36.35639508
34.85,0.0355,0.29,392,17.75,266.25,,36.35639508
34.9,0.0354375,0.29,392,17.71875,265.78125,,36.29238735
34.95,0.0358,0.29,392,17.9,268.5,,36.66363223
35,0.0358,0.291,396,17.9,268.5,,36.66363223
35.05,0.0357,0.291,396,17.85,267.75,,36.56121985
35.1,0.0358125,0.292,396,17.90625,268.59375,,36.67643377
35.15,0.036,0.292,396,18,270,,36.86845699
35.2,0.036,0.292,400,18,270,,36.86845699
35.25,0.0358,0.293,396,17.9,268.5,,36.66363223
35.3,0.036,0.293,400,18,270,,36.86845699
35.35,0.03625,0.294,400,18.125,271.875,,37.12448794
35.4,0.0362,0.294,400,18.1,271.5,,37.07328175
35.45,0.0362,0.295,400,18.1,271.5,,37.07328175
35.5,0.0363,0.295,400,18.15,272.25,,37.17569413
35.55,0.0365,0.295,404,18.25,273.75,,37.38051889
35.6,0.0364375,0.296,400,18.21875,273.28125,,37.31651115
35.65,0.0365,0.296,404,18.25,273.75,,37.38051889
35.7,0.0368,0.297,404,18.4,276,,37.68775603
35.75,0.036875,0.297,404,18.4375,276.5625,,37.76456532
35.8,0.0368,0.297,404,18.4,276,,37.68775603
35.85,0.0368,0.298,408,18.4,276,,37.68775603
35.9,0.037,0.298,408,18.5,277.5,,37.89258079
35.95,0.037,0.299,404,18.5,277.5,,37.89258079
36,0.037,0.299,408,18.5,277.5,,37.89258079
36.05,0.037125,0.3,408,18.5625,278.4375,,38.02059627
36.1,0.0374375,0.3,412,18.71875,280.78125,,38.34063496
36.15,0.0371875,0.3,412,18.59375,278.90625,,38.08460401
36.2,0.03725,0.301,412,18.625,279.375,,38.14861174
36.25,0.0375,0.301,412,18.75,281.25,,38.40464269
36.3,0.0375,0.302,412,18.75,281.25,,38.40464269
36.35,0.0375,0.302,412,18.75,281.25,,38.40464269
36.4,0.0375,0.302,416,18.75,281.25,,38.40464269
36.45,0.0377,0.303,416,18.85,282.75,,38.60946746
36.5,0.0378,0.303,416,18.9,283.5,,38.71187984
36.55,0.0377,0.304,412,18.85,282.75,,38.60946746
36.6,0.0378,0.304,416,18.9,283.5,,38.71187984
36.65,0.0380625,0.305,420,19.03125,285.46875,,38.98071234
36.7,0.038,0.305,416,19,285,,38.9167046
36.75,0.0379375,0.305,420,18.96875,284.53125,,38.85269686
36.8,0.0380625,0.306,420,19.03125,285.46875,,38.98071234
36.85,0.03825,0.306,420,19.125,286.875,,39.17273555
36.9,0.0382,0.307,424,19.1,286.5,,39.12152936
36.95,0.0381875,0.307,420,19.09375,286.40625,,39.10872781
37,0.038375,0.307,424,19.1875,287.8125,,39.30075102
37.05,0.0386,0.308,424,19.3,289.5,,39.53117888
37.1,0.0384375,0.308,424,19.21875,288.28125,,39.36475876
37.15,0.038625,0.309,424,19.3125,289.6875,,39.55678198
37.2,0.0388125,0.309,424,19.40625,291.09375,,39.74880519
37.25,0.0388,0.31,424,19.4,291,,39.73600364
37.3,0.038625,0.31,424,19.3125,289.6875,,39.55678198
37.35,0.0388125,0.31,428,19.40625,291.09375,,39.74880519
37.4,0.039,0.311,428,19.5,292.5,,39.9408284
37.45,0.039,0.311,428,19.5,292.5,,39.9408284
37.5,0.0388,0.312,428,19.4,291,,39.73600364
37.55,0.0390625,0.312,428,19.53125,292.96875,,40.00483614
37.6,0.0393,0.312,428,19.65,294.75,,40.24806554
37.65,0.0392,0.313,432,19.6,294,,40.14565316
37.7,0.0393,0.313,428,19.65,294.75,,40.24806554
37.75,0.0394,0.314,432,19.7,295.5,,40.35047792
37.8,0.0397,0.314,432,19.85,297.75,,40.65771507
37.85,0.0395,0.315,432,19.75,296.25,,40.4528903
37.9,0.0395625,0.315,432,19.78125,296.71875,,40.51689804
37.95,0.0398125,0.315,436,19.90625,298.59375,,40.77292899
38,0.0398125,0.316,432,19.90625,298.59375,,40.77292899
38.05,0.0398125,0.316,436,19.90625,298.59375,,40.77292899
38.1,0.0398,0.317,432,19.9,298.5,,40.76012745
38.15,0.040125,0.317,440,20.0625,300.9375,,41.09296768
38.2,0.0399,0.317,436,19.95,299.25,,40.86253983
38.25,0.04,0.318,440,20,300,,40.96495221
38.3,0.0401,0.318,440,20.05,300.75,,41.06736459
38.35,0.0403125,0.319,444,20.15625,302.34375,,41.2849909
38.4,0.0402,0.319,440,20.1,301.5,,41.16977697
38.45,0.040375,0.32,444,20.1875,302.8125,,41.34899863
38.5,0.0405625,0.32,440,20.28125,304.21875,,41.54102185
38.55,0.0406875,0.32,444,20.34375,305.15625,,41.66903732
38.6,0.0405,0.321,440,20.25,303.75,,41.47701411
38.65,0.0405,0.321,448,20.25,303.75,,41.47701411
38.7,0.0408,0.322,440,20.4,306,,41.78425125
38.75,0.0408,0.322,448,20.4,306,,41.78425125
38.8,0.0408125,0.322,444,20.40625,306.09375,,41.7970528
38.85,0.0408,0.323,452,20.4,306,,41.78425125
38.9,0.0410625,0.323,444,20.53125,307.96875,,42.05308375
38.95,0.041,0.324,456,20.5,307.5,,41.98907601
39,0.041,0.324,448,20.5,307.5,,41.98907601
39.05,0.0412,0.325,452,20.6,309,,42.19390077
39.1,0.0413,0.325,448,20.65,309.75,,42.29631315
39.15,0.04125,0.325,456,20.625,309.375,,42.24510696
39.2,0.04125,0.326,448,20.625,309.375,,42.24510696
39.25,0.0415,0.326,452,20.75,311.25,,42.50113792
39.3,0.041625,0.327,448,20.8125,312.1875,,42.62915339
39.35,0.0414,0.327,456,20.7,310.5,,42.39872553
39.4,0.0415,0.327,452,20.75,311.25,,42.50113792
39.45,0.0418,0.328,460,20.9,313.5,,42.80837506
39.5,0.041875,0.328,448,20.9375,314.0625,,42.88518434
39.55,0.04175,0.329,460,20.875,313.125,,42.75716887
39.6,0.0418,0.329,452,20.9,313.5,,42.80837506
39.65,0.042125,0.33,464,21.0625,315.9375,,43.14121529
39.7,0.0419375,0.33,452,20.96875,314.53125,,42.94919208
39.75,0.042,0.33,460,21,315,,43.01319982
39.8,0.0422,0.331,456,21.1,316.5,,43.21802458
39.85,0.0423125,0.331,464,21.15625,317.34375,,43.33323851
39.9,0.0423,0.332,460,21.15,317.25,,43.32043696
39.95,0.0423125,0.332,460,21.15625,317.34375,,43.33323851
40,0.042625,0.332,460,21.3125,319.6875,,43.6532772
40.05,0.042625,0.333,464,21.3125,319.6875,,43.6532772
40.1,0.0425,0.333,460,21.25,318.75,,43.52526172
40.15,0.0427,0.334,464,21.35,320.25,,43.73008648
40.2,0.0428,0.334,464,21.4,321,,43.83249886
40.25,0.04275,0.335,468,21.375,320.625,,43.78129267
40.3,0.0428,0.335,468,21.4,321,,43.83249886
40.35,0.0429,0.335,468,21.45,321.75,,43.93491124
40.4,0.0431,0.336,468,21.55,323.25,,44.139736
40.45,0.043,0.336,468,21.5,322.5,,44.03732362
40.5,0.043,0.337,468,21.5,322.5,,44.03732362
40.55,0.0431875,0.337,472,21.59375,323.90625,,44.22934684
40.6,0.0434,0.337,472,21.7,325.5,,44.44697315
40.65,0.0432,0.338,472,21.6,324,,44.24214838
40.7,0.043375,0.338,472,21.6875,325.3125,,44.42137005
40.75,0.0435625,0.339,476,21.78125,326.71875,,44.61339326
40.8,0.0437,0.339,476,21.85,327.75,,44.75421029
40.85,0.0435,0.34,476,21.75,326.25,,44.54938553
40.9,0.043625,0.34,476,21.8125,327.1875,,44.677401
40.95,0.043875,0.34,476,21.9375,329.0625,,44.93343195
41,0.0438125,0.341,476,21.90625,328.59375,,44.86942421
41.05,0.0438125,0.341,480,21.90625,328.59375,,44.86942421
41.1,0.0438125,0.342,480,21.90625,328.59375,,44.86942421
41.15,0.0441875,0.342,480,22.09375,331.40625,,45.25347064
41.2,0.044,0.342,480,22,330,,45.06144743
41.25,0.0439375,0.343,484,21.96875,329.53125,,44.99743969
41.3,0.044125,0.343,480,22.0625,330.9375,,45.1894629
41.35,0.0444,0.344,484,22.2,333,,45.47109695
41.4,0.044125,0.344,480,22.0625,330.9375,,45.1894629
41.45,0.0443125,0.345,484,22.15625,332.34375,,45.38148612
41.5,0.0445625,0.345,484,22.28125,334.21875,,45.63751707
41.55,0.044625,0.345,488,22.3125,334.6875,,45.70152481
41.6,0.0445625,0.346,484,22.28125,334.21875,,45.63751707
41.65,0.044625,0.346,492,22.3125,334.6875,,45.70152481
41.7,0.0448,0.347,488,22.4,336,,45.88074647
41.75,0.0448125,0.347,488,22.40625,336.09375,,45.89354802
41.8,0.0448,0.347,488,22.4,336,,45.88074647
41.85,0.045,0.348,492,22.5,337.5,,46.08557123
41.9,0.0452,0.348,488,22.6,339,,46.29039599
41.95,0.045,0.349,496,22.5,337.5,,46.08557123
42,0.0451,0.349,488,22.55,338.25,,46.18798361
42.05,0.0451875,0.35,496,22.59375,338.90625,,46.27759445
42.1,0.0454375,0.35,492,22.71875,340.78125,,46.5336254
42.15,0.0453125,0.35,496,22.65625,339.84375,,46.40560992
42.2,0.045375,0.351,492,22.6875,340.3125,,46.46961766
42.25,0.0455,0.351,496,22.75,341.25,,46.59763314
42.3,0.0455625,0.352,492,22.78125,341.71875,,46.66164087
42.35,0.0455,0.352,500,22.75,341.25,,46.59763314
42.4,0.0457,0.352,496,22.85,342.75,,46.8024579
42.45,0.0459375,0.353,504,22.96875,344.53125,,47.0456873
42.5,0.0459375,0.353,496,22.96875,344.53125,,47.0456873
42.55,0.0458,0.354,500,22.9,343.5,,46.90487028
42.6,0.045875,0.354,496,22.9375,344.0625,,46.98167956
42.65,0.0461875,0.355,500,23.09375,346.40625,,47.30171825
42.7,0.046,0.355,500,23,345,,47.10969504
42.75,0.046,0.355,504,23,345,,47.10969504
42.8,0.0463,0.356,504,23.15,347.25,,47.41693218
42.85,0.0464375,0.356,508,23.21875,348.28125,,47.5577492
42.9,0.0461875,0.357,504,23.09375,346.40625,,47.30171825
42.95,0.0463,0.357,508,23.15,347.25,,47.41693218
43,0.0466,0.357,504,23.3,349.5,,47.72416932
43.05,0.0466,0.358,512,23.3,349.5,,47.72416932
43.1,0.0465625,0.358,504,23.28125,349.21875,,47.68576468
43.15,0.0466875,0.359,512,23.34375,350.15625,,47.81378015
43.2,0.0468,0.359,508,23.4,351,,47.92899408
43.25,0.0468,0.36,512,23.4,351,,47.92899408
43.3,0.04675,0.36,512,23.375,350.625,,47.87778789
43.35,0.047,0.36,512,23.5,352.5,,48.13381884
43.4,0.047125,0.361,512,23.5625,353.4375,,48.26183432
43.45,0.047,0.361,512,23.5,352.5,,48.13381884
43.5,0.0472,0.362,512,23.6,354,,48.3386436
43.55,0.0473125,0.362,516,23.65625,354.84375,,48.45385753
43.6,0.0474,0.362,512,23.7,355.5,,48.54346837
43.65,0.0473,0.363,520,23.65,354.75,,48.44105599
43.7,0.0474375,0.363,512,23.71875,355.78125,,48.58187301
43.75,0.0476,0.364,520,23.8,357,,48.74829313
43.8,0.047625,0.364,516,23.8125,357.1875,,48.77389622
43.85,0.0475625,0.365,520,23.78125,356.71875,,48.70988848
43.9,0.0476875,0.365,516,23.84375,357.65625,,48.83790396
43.95,0.048,0.365,520,24,360,,49.15794265
44,0.0478,0.366,520,23.9,358.5,,48.95311789
44.05,0.0478125,0.366,520,23.90625,358.59375,,48.96591944
44.1,0.048,0.367,520,24,360,,49.15794265
44.15,0.04825,0.367,524,24.125,361.875,,49.4139736
44.2,0.048,0.367,520,24,360,,49.15794265
44.25,0.0481,0.368,524,24.05,360.75,,49.26035503
44.3,0.0483125,0.368,524,24.15625,362.34375,,49.47798134
44.35,0.0484,0.369,524,24.2,363,,49.56759217
44.4,0.048375,0.369,524,24.1875,362.8125,,49.54198908
44.45,0.0484375,0.37,524,24.21875,363.28125,,49.60599681
44.5,0.048625,0.37,528,24.3125,364.6875,,49.79802003
44.55,0.0487,0.37,528,24.35,365.25,,49.87482931
44.6,0.0485,0.371,528,24.25,363.75,,49.67000455
44.65,0.0487,0.371,528,24.35,365.25,,49.87482931
44.7,0.0489,0.372,528,24.45,366.75,,50.07965407
44.75,0.04875,0.372,532,24.375,365.625,,49.9260355
44.8,0.048875,0.372,532,24.4375,366.5625,,50.05405098
44.85,0.0489375,0.373,532,24.46875,367.03125,,50.11805872
44.9,0.0492,0.373,532,24.6,369,,50.38689122
44.95,0.0490625,0.374,532,24.53125,367.96875,,50.24607419
45,0.0492,0.374,532,24.6,369,,50.38689122
45.05,0.0494375,0.375,536,24.71875,370.78125,,50.63012062
45.1,0.0494375,0.375,532,24.71875,370.78125,,50.63012062
45.15,0.0493,0.375,536,24.65,369.75,,50.4893036
45.2,0.0493,0.376,540,24.65,369.75,,50.4893036
45.25,0.0496875,0.376,536,24.84375,372.65625,,50.88615157
45.3,0.0495,0.377,540,24.75,371.25,,50.69412836
45.35,0.0495,0.377,540,24.75,371.25,,50.69412836
45.4,0.0497,0.377,540,24.85,372.75,,50.89895312
45.45,0.0499375,0.378,544,24.96875,374.53125,,51.14218252
45.5,0.04975,0.378,540,24.875,373.125,,50.95015931
45.55,0.0499,0.379,544,24.95,374.25,,51.10377788
45.6,0.05,0.379,544,25,375,,51.20619026
45.65,0.050125,0.38,544,25.0625,375.9375,,51.33420574
45.7,0.0501,0.38,544,25.05,375.75,,51.30860264
45.75,0.050125,0.38,544,25.0625,375.9375,,51.33420574
45.8,0.0503125,0.381,544,25.15625,377.34375,,51.52622895
45.85,0.0505,0.381,544,25.25,378.75,,51.71825216
45.9,0.0503,0.382,544,25.15,377.25,,51.5134274
45.95,0.0504375,0.382,548,25.21875,378.28125,,51.65424442
46,0.0507,0.382,548,25.35,380.25,,51.92307692
46.05,0.05075,0.383,548,25.375,380.625,,51.97428311
46.1,0.050625,0.383,548,25.3125,379.6875,,51.84626764
46.15,0.05075,0.384,552,25.375,380.625,,51.97428311
46.2,0.051,0.384,548,25.5,382.5,,52.23031406
46.25,0.0508125,0.385,552,25.40625,381.09375,,52.03829085
46.3,0.050875,0.385,552,25.4375,381.5625,,52.10229859
46.35,0.051,0.385,556,25.5,382.5,,52.23031406
46.4,0.0513,0.386,552,25.65,384.75,,52.53755121
46.45,0.051125,0.386,556,25.5625,383.4375,,52.35832954
46.5,0.0511875,0.387,556,25.59375,383.90625,,52.42233728
46.55,0.0513125,0.387,556,25.65625,384.84375,,52.55035275
46.6,0.0515,0.387,556,25.75,386.25,,52.74237597
46.65,0.0514,0.388,556,25.7,385.5,,52.63996359
46.7,0.0514375,0.388,556,25.71875,385.78125,,52.67836823
46.75,0.0517,0.389,560,25.85,387.75,,52.94720073
46.8,0.0517,0.389,560,25.85,387.75,,52.94720073
46.85,0.0515625,0.39,560,25.78125,386.71875,,52.80638371
46.9,0.0516875,0.39,560,25.84375,387.65625,,52.93439918
46.95,0.0519375,0.39,560,25.96875,389.53125,,53.19043013
47,0.0519,0.391,560,25.95,389.25,,53.15202549
47.05,0.0518125,0.391,560,25.90625,388.59375,,53.06241466
47.1,0.052,0.392,564,26,390,,53.25443787
47.15,0.0523,0.392,564,26.15,392.25,,53.56167501
47.2,0.052125,0.392,564,26.0625,390.9375,,53.38245335
47.25,0.0521,0.393,564,26.05,390.75,,53.35685025
47.3,0.0523,0.393,568,26.15,392.25,,53.56167501
47.35,0.0525,0.394,564,26.25,393.75,,53.76649977
47.4,0.0523,0.394,568,26.15,392.25,,53.56167501
47.45,0.0524375,0.395,568,26.21875,393.28125,,53.70249203
47.5,0.0525,0.395,572,26.25,393.75,,53.76649977
47.55,0.05275,0.395,568,26.375,395.625,,54.02253072
47.6,0.0525625,0.396,572,26.28125,394.21875,,53.83050751
47.65,0.05275,0.396,568,26.375,395.625,,54.02253072
47.7,0.053,0.397,572,26.5,397.5,,54.27856168
47.75,0.053,0.397,568,26.5,397.5,,54.27856168
47.8,0.0529,0.397,576,26.45,396.75,,54.17614929
47.85,0.053,0.398,572,26.5,397.5,,54.27856168
47.9,0.05325,0.398,576,26.625,399.375,,54.53459263
47.95,0.0531875,0.399,576,26.59375,398.90625,,54.47058489
48,0.05325,0.399,576,26.625,399.375,,54.53459263
48.05,0.0533,0.4,576,26.65,399.75,,54.58579882
48.1,0.0536,0.4,580,26.8,402,,54.89303596
48.15,0.0535,0.4,576,26.75,401.25,,54.79062358
48.2,0.0534,0.401,580,26.7,400.5,,54.6882112
48.25,0.053625,0.401,580,26.8125,402.1875,,54.91863905
48.3,0.0538,0.402,580,26.9,403.5,,55.09786072
48.35,0.0536875,0.402,580,26.84375,402.65625,,54.98264679
48.4,0.05375,0.402,584,26.875,403.125,,55.04665453
48.45,0.054,0.403,580,27,405,,55.30268548
48.5,0.054,0.403,584,27,405,,55.30268548
48.55,0.054,0.404,580,27,405,,55.30268548
48.6,0.054,0.404,588,27,405,,55.30268548
48.65,0.0543,0.405,580,27.15,407.25,,55.60992262
48.7,0.0541,0.405,588,27.05,405.75,,55.40509786
48.75,0.054125,0.405,580,27.0625,405.9375,,55.43070096
48.8,0.05425,0.406,592,27.125,406.875,,55.55871643
48.85,0.0545625,0.406,584,27.28125,409.21875,,55.87875512
48.9,0.0545,0.407,592,27.25,408.75,,55.81474738
48.95,0.0545,0.407,584,27.25,408.75,,55.81474738
49,0.0547,0.407,592,27.35,410.25,,56.01957214
49.05,0.0548,0.408,588,27.4,411,,56.12198452
49.1,0.0547,0.408,592,27.35,410.25,,56.01957214
49.15,0.0548,0.409,588,27.4,411,,56.12198452
49.2,0.0549,0.409,596,27.45,411.75,,56.2243969
49.25,0.055,0.41,592,27.5,412.5,,56.32680929
49.3,0.0548,0.41,600,27.4,411,,56.12198452
49.35,0.055,0.41,592,27.5,412.5,,56.32680929
49.4,0.0553,0.411,600,27.65,414.75,,56.63404643
49.45,0.0553,0.411,,27.65,414.75,,56.63404643
49.5,0.0552,0.412,,27.6,414,,56.53163405
49.55,0.0435625,0.412,,21.78125,326.71875,,44.61339326
49.6,0.0171875,0.412,,8.59375,128.90625,,17.6021279
49.65,0,0.413,,0,0,,0
49.7,-0.00547,0.413,,-2.735,-41.025,,-5.601957214
49.75,-0.00522,0.414,,-2.61,-39.15,,-5.345926263
49.8,-0.00334,0.414,,-1.67,-25.05,,-3.420573509
49.85,-0.00247,0.415,,-1.235,-18.525,,-2.529585799
49.9,-0.00216,0.415,,-1.08,-16.2,,-2.212107419
49.95,-0.00209,0.415,,-1.045,-15.675,,-2.140418753
50,-0.002,0.416,,-1,-15,,-2.04824761
50.05,-0.0023125,0.416,,-1.15625,-17.34375,,-2.368286299
50.1,-0.0023125,0.417,,-1.15625,-17.34375,,-2.368286299
50.15,-0.002125,0.417,,-1.0625,-15.9375,,-2.176263086
50.2,-0.00216,0.417,,-1.08,-16.2,,-2.212107419
50.25,-0.002375,0.418,,-1.1875,-17.8125,,-2.432294037
50.3,-0.0023125,0.418,,-1.15625,-17.34375,,-2.368286299
50.35,-0.00216,0.419,,-1.08,-16.2,,-2.212107419
50.4,-0.00228,0.419,,-1.14,-17.1,,-2.335002276
50.45,-0.00234,0.42,,-1.17,-17.55,,-2.396449704
50.5,-0.0023125,0.42,,-1.15625,-17.34375,,-2.368286299
50.55,-0.002125,0.42,,-1.0625,-15.9375,,-2.176263086
50.6,-0.00234,0.421,,-1.17,-17.55,,-2.396449704
50.65,-0.002375,0.421,,-1.1875,-17.8125,,-2.432294037
50.7,-0.00228,0.422,,-1.14,-17.1,,-2.335002276
50.75,-0.0021875,0.422,,-1.09375,-16.40625,,-2.240270824
50.8,-0.00234,0.422,,-1.17,-17.55,,-2.396449704
50.85,-0.00241,0.423,,-1.205,-18.075,,-2.468138371
50.9,-0.002125,0.423,,-1.0625,-15.9375,,-2.176263086
50.95,-0.00216,0.424,,-1.08,-16.2,,-2.212107419
51,-0.002375,0.424,,-1.1875,-17.8125,,-2.432294037
51.05,-0.00228,0.425,,-1.14,-17.1,,-2.335002276
51.1,-0.00216,0.425,,-1.08,-16.2,,-2.212107419
51.15,-0.00225,0.425,,-1.125,-16.875,,-2.304278562
51.2,-0.00241,0.426,,-1.205,-18.075,,-2.468138371
51.25,-0.00234,0.426,,-1.17,-17.55,,-2.396449704
51.3,-0.00216,0.427,,-1.08,-16.2,,-2.212107419
51.35,-0.002375,0.427,,-1.1875,-17.8125,,-2.432294037
51.4,-0.00241,0.427,,-1.205,-18.075,,-2.468138371
51.45,-0.00225,0.428,,-1.125,-16.875,,-2.304278562
51.5,-0.002125,0.428,,-1.0625,-15.9375,,-2.176263086
51.55,-0.002375,0.429,,-1.1875,-17.8125,,-2.432294037
51.6,-0.0023125,0.429,,-1.15625,-17.34375,,-2.368286299
51.65,-0.00216,0.43,,-1.08,-16.2,,-2.212107419
51.7,-0.002125,0.43,,-1.0625,-15.9375,,-2.176263086
51.75,-0.002375,0.43,,-1.1875,-17.8125,,-2.432294037
51.8,-0.0023125,0.431,,-1.15625,-17.34375,,-2.368286299
51.85,-0.00209,0.431,,-1.045,-15.675,,-2.140418753
51.9,-0.00225,0.432,,-1.125,-16.875,,-2.304278562
51.95,-0.00234,0.432,,-1.17,-17.55,,-2.396449704
52,-0.0023125,0.432,,-1.15625,-17.34375,,-2.368286299
52.05,-0.00209,0.433,,-1.045,-15.675,,-2.140418753
52.1,-0.0023125,0.433,,-1.15625,-17.34375,,-2.368286299
52.15,-0.00228,0.434,,-1.14,-17.1,,-2.335002276
52.2,-0.00228,0.434,,-1.14,-17.1,,-2.335002276
52.25,-0.002125,0.435,,-1.0625,-15.9375,,-2.176263086
52.3,-0.00234,0.435,,-1.17,-17.55,,-2.396449704
52.35,-0.00234,0.435,,-1.17,-17.55,,-2.396449704
52.4,-0.002125,0.436,,-1.0625,-15.9375,,-2.176263086
52.45,-0.0021875,0.436,,-1.09375,-16.40625,,-2.240270824
52.5,-0.002375,0.437,,-1.1875,-17.8125,,-2.432294037
52.55,-0.00225,0.437,,-1.125,-16.875,,-2.304278562
52.6,-0.0021875,0.437,,-1.09375,-16.40625,,-2.240270824
52.65,-0.0023125,0.438,,-1.15625,-17.34375,,-2.368286299
52.7,-0.00234,0.438,,-1.17,-17.55,,-2.396449704
52.75,-0.00228,0.439,,-1.14,-17.1,,-2.335002276
52.8,-0.00216,0.439,,-1.08,-16.2,,-2.212107419
52.85,-0.0023125,0.44,,-1.15625,-17.34375,,-2.368286299
52.9,-0.002375,0.44,,-1.1875,-17.8125,,-2.432294037
52.95,-0.00225,0.44,,-1.125,-16.875,,-2.304278562
53,-0.002125,0.441,,-1.0625,-15.9375,,-2.176263086
53.05,-0.002375,0.441,,-1.1875,-17.8125,,-2.432294037
53.1,-0.002375,0.442,,-1.1875,-17.8125,,-2.432294037
53.15,-0.00209,0.442,,-1.045,-15.675,,-2.140418753
53.2,-0.00222,0.442,,-1.11,-16.65,,-2.273554848
53.25,-0.00234,0.443,,-1.17,-17.55,,-2.396449704
53.3,-0.00234,0.443,,-1.17,-17.55,,-2.396449704
53.35,-0.002125,0.444,,-1.0625,-15.9375,,-2.176263086
53.4,-0.0023125,0.444,,-1.15625,-17.34375,,-2.368286299
53.45,-0.00241,0.445,,-1.205,-18.075,,-2.468138371
53.5,-0.0023125,0.445,,-1.15625,-17.34375,,-2.368286299
53.55,-0.002125,0.445,,-1.0625,-15.9375,,-2.176263086
53.6,-0.00234,0.446,,-1.17,-17.55,,-2.396449704
53.65,-0.00234,0.446,,-1.17,-17.55,,-2.396449704
53.7,-0.00222,0.447,,-1.11,-16.65,,-2.273554848
53.75,-0.002125,0.447,,-1.0625,-15.9375,,-2.176263086
53.8,-0.00222,0.447,,-1.11,-16.65,,-2.273554848
53.85,-0.00234,0.448,,-1.17,-17.55,,-2.396449704
53.9,-0.00216,0.448,,-1.08,-16.2,,-2.212107419
53.95,-0.0021875,0.449,,-1.09375,-16.40625,,-2.240270824
54,-0.00234,0.449,,-1.17,-17.55,,-2.396449704
54.05,-0.00228,0.45,,-1.14,-17.1,,-2.335002276
54.1,-0.00209,0.45,,-1.045,-15.675,,-2.140418753
54.15,-0.00228,0.45,,-1.14,-17.1,,-2.335002276
54.2,-0.00241,0.451,,-1.205,-18.075,,-2.468138371
54.25,-0.00234,0.451,,-1.17,-17.55,,-2.396449704
54.3,-0.002125,0.452,,-1.0625,-15.9375,,-2.176263086
54.35,-0.00228,0.452,,-1.14,-17.1,,-2.335002276
54.4,-0.0023125,0.452,,-1.15625,-17.34375,,-2.368286299
54.45,-0.0021875,0.453,,-1.09375,-16.40625,,-2.240270824
54.5,-0.002125,0.453,,-1.0625,-15.9375,,-2.176263086
54.55,-0.00234,0.454,,-1.17,-17.55,,-2.396449704
54.6,-0.0023125,0.454,,-1.15625,-17.34375,,-2.368286299
54.65,-0.00209,0.455,,-1.045,-15.675,,-2.140418753
54.7,-0.00225,0.455,,-1.125,-16.875,,-2.304278562
54.75,-0.00234,0.455,,-1.17,-17.55,,-2.396449704
54.8,-0.00234,0.456,,-1.17,-17.55,,-2.396449704
54.85,-0.002125,0.456,,-1.0625,-15.9375,,-2.176263086
54.9,-0.0023125,0.457,,-1.15625,-17.34375,,-2.368286299
54.95,-0.00234,0.457,,-1.17,-17.55,,-2.396449704
55,-0.00225,0.457,,-1.125,-16.875,,-2.304278562
55.05,-0.002125,0.458,,-1.0625,-15.9375,,-2.176263086
55.1,-0.00234,0.458,,-1.17,-17.55,,-2.396449704
55.15,-0.0023125,0.459,,-1.15625,-17.34375,,-2.368286299
55.2,-0.0021875,0.459,,-1.09375,-16.40625,,-2.240270824
55.25,-0.00222,0.46,,-1.11,-16.65,,-2.273554848
55.3,-0.00241,0.46,,-1.205,-18.075,,-2.468138371
55.35,-0.0023125,0.46,,-1.15625,-17.34375,,-2.368286299
55.4,-0.00225,0.461,,-1.125,-16.875,,-2.304278562
55.45,-0.00222,0.461,,-1.11,-16.65,,-2.273554848
55.5,-0.00234,0.462,,-1.17,-17.55,,-2.396449704
55.55,-0.002375,0.462,,-1.1875,-17.8125,,-2.432294037
55.6,-0.00209,0.462,,-1.045,-15.675,,-2.140418753
55.65,-0.002375,0.463,,-1.1875,-17.8125,,-2.432294037
55.7,-0.00234,0.463,,-1.17,-17.55,,-2.396449704
55.75,-0.0021875,0.464,,-1.09375,-16.40625,,-2.240270824
55.8,-0.0021875,0.464,,-1.09375,-16.40625,,-2.240270824
55.85,-0.00241,0.465,,-1.205,-18.075,,-2.468138371
55.9,-0.0023125,0.465,,-1.15625,-17.34375,,-2.368286299
55.95,-0.00216,0.465,,-1.08,-16.2,,-2.212107419
56,-0.002125,0.466,,-1.0625,-15.9375,,-2.176263086
56.05,-0.00234,0.466,,-1.17,-17.55,,-2.396449704
56.1,-0.0023125,0.467,,-1.15625,-17.34375,,-2.368286299
56.15,-0.002125,0.467,,-1.0625,-15.9375,,-2.176263086
56.2,-0.002375,0.467,,-1.1875,-17.8125,,-2.432294037
56.25,-0.00247,0.468,,-1.235,-18.525,,-2.529585799
56.3,-0.002375,0.468,,-1.1875,-17.8125,,-2.432294037
56.35,-0.002125,0.469,,-1.0625,-15.9375,,-2.176263086
56.4,-0.0023125,0.469,,-1.15625,-17.34375,,-2.368286299
56.45,-0.00234,0.47,,-1.17,-17.55,,-2.396449704
56.5,-0.0021875,0.47,,-1.09375,-16.40625,,-2.240270824
56.55,-0.00209,0.47,,-1.045,-15.675,,-2.140418753
56.6,-0.00234,0.471,,-1.17,-17.55,,-2.396449704
56.65,-0.0023125,0.471,,-1.15625,-17.34375,,-2.368286299
56.7,-0.0021875,0.472,,-1.09375,-16.40625,,-2.240270824
56.75,-0.002375,0.472,,-1.1875,-17.8125,,-2.432294037
56.8,-0.00241,0.472,,-1.205,-18.075,,-2.468138371
56.85,-0.0023125,0.473,,-1.15625,-17.34375,,-2.368286299
56.9,-0.002125,0.473,,-1.0625,-15.9375,,-2.176263086
56.95,-0.00234,0.474,,-1.17,-17.55,,-2.396449704
57,-0.002375,0.474,,-1.1875,-17.8125,,-2.432294037
57.05,-0.0021875,0.475,,-1.09375,-16.40625,,-2.240270824
57.1,-0.00216,0.475,,-1.08,-16.2,,-2.212107419
57.15,-0.002375,0.475,,-1.1875,-17.8125,,-2.432294037
57.2,-0.002375,0.476,,-1.1875,-17.8125,,-2.432294037
57.25,-0.00225,0.476,,-1.125,-16.875,,-2.304278562
57.3,-0.00225,0.477,,-1.125,-16.875,,-2.304278562
57.35,-0.0024375,0.477,,-1.21875,-18.28125,,-2.496301775
57.4,-0.00234,0.477,,-1.17,-17.55,,-2.396449704
57.45,-0.002125,0.478,,-1.0625,-15.9375,,-2.176263086
57.5,-0.00228,0.478,,-1.14,-17.1,,-2.335002276
57.55,-0.0024375,0.479,,-1.21875,-18.28125,,-2.496301775
57.6,-0.0023125,0.479,,-1.15625,-17.34375,,-2.368286299
57.65,-0.00203,0.48,,-1.015,-15.225,,-2.078971325
57.7,-0.0023125,0.48,,-1.15625,-17.34375,,-2.368286299
57.75,-0.00228,0.48,,-1.14,-17.1,,-2.335002276
57.8,-0.00216,0.481,,-1.08,-16.2,,-2.212107419
57.85,-0.00216,0.481,,-1.08,-16.2,,-2.212107419
57.9,-0.0023125,0.482,,-1.15625,-17.34375,,-2.368286299
57.95,-0.002375,0.482,,-1.1875,-17.8125,,-2.432294037
58,-0.00209,0.482,,-1.045,-15.675,,-2.140418753
58.05,-0.00222,0.483,,-1.11,-16.65,,-2.273554848
58.1,-0.002375,0.483,,-1.1875,-17.8125,,-2.432294037
58.15,-0.0023125,0.484,,-1.15625,-17.34375,,-2.368286299
58.2,-0.00209,0.484,,-1.045,-15.675,,-2.140418753
58.25,-0.0024375,0.485,,-1.21875,-18.28125,,-2.496301775
58.3,-0.002375,0.485,,-1.1875,-17.8125,,-2.432294037
58.35,-0.00228,0.485,,-1.14,-17.1,,-2.335002276
58.4,-0.00222,0.486,,-1.11,-16.65,,-2.273554848
58.45,-0.00241,0.486,,-1.205,-18.075,,-2.468138371
58.5,-0.00234,0.487,,-1.17,-17.55,,-2.396449704
