DICひずみ,DIC応力
0.001097695,0.590656988
0.000823271,0.561124138
0.000823271,0.531591289
0.001097695,0.561124138
0.000823271,0.679255536
0.001097695,0.561124138
0.001097695,0.561124138
0.000823271,0.620189837
0.000823271,0.620189837
0.001372119,0.620189837
0.001920966,0.590656988
0.001372119,0.620189837
0.000823271,0.561124138
0.001097695,0.620189837
0.001372119,0.590656988
0.001920966,0.561124138
0.001097695,0.590656988
0.00219539,0.620189837
0.001372119,0.561124138
0.001646542,0.649722687
0.001097695,0.531591289
0.000823271,0.590656988
0.001372119,0.561124138
0.000823271,0.590656988
0.001097695,0.561124138
0.001646542,0.590656988
0.001097695,0.561124138
0.001097695,0.531591289
0.000548847,0.50205844
0.001372119,0.561124138
0.001372119,0.531591289
0.001920966,0.531591289
0.001097695,0.531591289
0.001097695,0.531591289
0.001372119,0.590656988
0.000548847,0.590656988
0.001097695,0.620189837
0.000823271,0.620189837
0.001372119,0.561124138
0.000823271,0.561124138
0.000823271,0.561124138
0.001920966,0.531591289
0.001372119,0.531591289
0.001097695,0.561124138
0.001920966,0.531591289
0.001372119,0.561124138
0,0.590656988
0.000823271,0.590656988
0.001372119,0.561124138
0.000823271,0.620189837
0.001646542,0.561124138
0.001646542,0.620189837
0.001646542,0.590656988
0.001646542,0.561124138
0.000823271,0.531591289
0.001097695,0.649722687
0.001372119,0.649722687
0.001646542,0.590656988
0.000823271,0.620189837
0.00219539,0.620189837
0.001372119,0.561124138
0.000823271,0.620189837
0.001097695,0.561124138
0.000823271,0.620189837
0.001920966,0.531591289
0.001372119,0.561124138
0.001646542,0.561124138
0.001646542,0.620189837
0.001646542,0.620189837
0.000823271,0.620189837
0.000823271,0.531591289
0.001097695,0.620189837
0.001372119,0.561124138
0.001097695,0.590656988
0.001646542,0.531591289
0.001097695,0.561124138
0.001372119,0.442992741
0.001372119,0.620189837
0.001372119,0.531591289
0.000823271,0.620189837
0.001097695,0.561124138
0.000823271,0.620189837
0.000823271,0.531591289
0.001097695,0.620189837
0.001372119,0.590656988
0.001372119,0.620189837
0.001097695,0.649722687
0.001372119,0.620189837
0.001646542,0.531591289
0.001372119,0.561124138
0.001097695,0.531591289
0.001646542,0.531591289
0.001097695,0.590656988
0.001097695,0.649722687
0.001646542,0.590656988
0.001097695,0.531591289
0.001097695,0.590656988
0.001097695,0.649722687
0.001097695,0.620189837
0.000823271,0.620189837
0.001097695,0.649722687
0.001646542,0.561124138
0.000548847,0.649722687
0.000548847,0.590656988
0.000548847,0.561124138
0.000823271,0.620189837
0.000823271,0.620189837
0.001097695,0.531591289
0.001372119,0.531591289
0.001097695,0.620189837
0.001372119,0.590656988
0.001097695,0.561124138
0.001097695,0.620189837
0.000823271,0.561124138
0.000548847,0.561124138
0.000548847,0.590656988
0.001097695,0.620189837
0.000823271,0.50205844
0.001097695,0.561124138
0.001097695,0.531591289
0.001372119,0.531591289
0.001646542,0.531591289
0.001372119,0.50205844
0.001372119,0.561124138
0.000823271,0.561124138
0.000823271,0.561124138
0.000823271,0.531591289
0.001372119,0.590656988
0.000548847,0.561124138
0.001097695,0.50205844
0.000823271,0.620189837
0.001372119,0.561124138
0.000823271,0.620189837
0.001097695,0.620189837
0.000823271,0.649722687
0.000823271,0.767854084
0.001372119,0.826919783
0.000548847,0.885985482
0.001097695,0.856452632
0.001372119,0.94505118
0.001646542,1.033649729
0.001097695,1.063182578
0.001920966,1.122248277
0.001920966,1.122248277
0.001097695,1.151781126
0.000823271,1.240379674
0.001920966,1.269912524
0.001097695,1.358511072
0.001097695,1.44710962
0.000823271,1.44710962
0.001646542,1.476642469
0.001920966,1.506175319
0.00219539,1.594773867
0.001920966,1.624306716
0.001646542,1.683372415
0.001920966,1.712905265
0.001920966,1.742438114
0.001920966,1.801503813
0.001920966,1.890102361
0.002744237,1.801503813
0.00219539,2.008233758
0.002744237,2.067299457
0.00219539,2.096832307
0.002744237,2.155898005
0.001920966,2.333095102
0.001646542,2.333095102
0.00219539,2.480759349
0.002744237,2.539825047
0.002744237,2.657956445
0.003018661,2.598890746
0.003018661,2.835153541
0.003018661,2.835153541
0.003018661,2.89421924
0.003018661,3.012350638
0.00219539,3.041883487
0.003018661,3.100949186
0.00219539,3.130482035
0.002469813,3.189547734
0.003293085,3.278146282
0.003293085,3.425810529
0.003841932,3.39627768
0.003293085,3.455343378
0.003018661,3.573474776
0.003018661,3.543941927
0.002469813,3.662073324
0.003293085,3.721139023
0.004116356,3.750671872
0.004390779,3.780204722
0.003567508,3.86880327
0.003293085,3.927868969
0.003018661,4.016467517
0.003293085,4.046000366
0.003841932,4.164131764
0.004116356,4.193664613
0.004390779,4.252730312
0.004390779,4.311796011
0.004116356,4.282263161
0.004665203,4.370861709
0.003841932,4.488993107
0.004116356,4.577591655
0.003841932,4.636657354
0.003841932,4.666190203
0.003841932,4.81385445
0.003841932,4.902452998
0.003841932,4.931985848
0.003841932,4.991051547
0.003841932,5.138715794
0.004390779,5.109182944
0.004390779,5.168248643
0.004116356,5.227314342
0.004390779,5.227314342
0.003841932,5.31591289
0.004665203,5.404511438
0.004665203,5.463577137
0.004665203,5.493109986
0.004939627,5.493109986
0.004665203,5.581708534
0.004116356,5.670307083
0.004116356,5.729372781
0.004665203,5.81797133
0.00521405,5.78843848
0.004939627,5.877037028
0.00521405,5.877037028
0.004116356,5.936102727
0.004116356,5.906569878
0.004116356,6.024701275
0.004390779,5.995168426
0.004665203,6.054234125
0.005488474,6.142832673
0.00521405,6.231431221
0.00521405,6.231431221
0.00521405,6.349562619
0.004939627,6.349562619
0.004665203,6.379095468
0.004665203,6.379095468
0.005488474,6.438161167
0.004939627,6.526759715
0.005488474,6.585825414
0.00521405,6.615358263
0.005488474,6.644891112
0.005762898,6.644891112
0.004665203,6.733489661
0.00521405,6.644891112
0.00521405,6.733489661
0.006311745,6.851621058
0.006037322,6.851621058
0.005488474,6.910686757
0.00521405,6.881153907
0.005488474,6.940219606
0.005488474,6.940219606
0.005488474,7.028818154
0.004939627,7.058351004
0.00521405,7.028818154
0.004939627,7.117416703
0.005488474,7.176482401
0.005762898,7.206015251
0.006037322,7.2355481
0.006311745,7.2355481
0.005762898,7.294613799
0.006311745,7.353679498
0.006037322,7.471810895
0.00521405,7.530876594
0.005488474,7.412745196
0.006037322,7.589942293
0.005488474,7.589942293
0.006037322,7.589942293
0.006311745,7.70807369
0.005488474,7.678540841
0.006311745,7.767139389
0.005488474,7.767139389
0.006586169,7.826205088
0.006311745,7.885270787
0.006586169,7.855737937
0.006311745,7.885270787
0.006311745,7.944336485
0.006311745,7.944336485
0.006586169,8.003402184
0.006860593,8.092000732
0.006037322,8.092000732
0.006311745,8.121533582
0.006311745,8.180599281
0.006860593,8.180599281
0.006860593,8.180599281
0.006311745,8.298730678
0.006586169,8.328263528
0.007135016,8.328263528
0.006311745,8.357796377
0.006311745,8.357796377
0.006311745,8.357796377
0.006586169,8.446394925
0.007135016,8.416862076
0.006311745,8.564526323
0.00740944,8.564526323
0.006586169,8.534993473
0.006586169,8.623592021
0.006311745,8.68265772
0.006311745,8.71219057
0.005488474,8.741723419
0.006311745,8.800789118
0.007135016,8.800789118
0.006311745,8.859854817
0.006860593,8.889387666
0.006860593,8.977986214
0.006586169,8.977986214
0.007135016,8.977986214
0.00740944,8.977986214
0.007135016,9.066584762
0.006311745,9.125650461
0.007135016,9.066584762
0.007135016,9.15518331
0.007135016,9.15518331
0.00740944,9.243781859
0.00740944,9.273314708
0.00740944,9.243781859
0.00740944,9.361913256
0.006586169,9.361913256
0.00740944,9.450511804
0.007958288,9.391446106
0.00740944,9.450511804
0.007958288,9.568643202
0.008232711,9.539110352
0.00740944,9.627708901
0.00740944,9.716307449
0.00740944,9.716307449
0.00740944,9.716307449
0.007135016,9.834438846
0.007683864,9.804905997
0.00740944,9.863971696
0.00740944,9.982103093
0.00740944,10.01163594
0.007958288,10.01163594
0.008232711,10.12976734
0.007683864,10.15930019
0.007958288,10.18883304
0.00740944,10.33649729
0.007958288,10.18883304
0.008232711,10.27743159
0.00740944,10.30696444
0.008507135,10.42509583
0.007683864,10.39556298
0.00740944,10.42509583
0.008232711,10.48416153
0.008507135,10.51369438
0.007958288,10.57276008
0.00740944,10.54322723
0.007958288,10.60229293
0.008781559,10.69089148
0.008507135,10.74995718
0.008507135,10.69089148
0.008781559,10.74995718
0.008507135,10.83855573
0.008507135,10.80902288
0.008507135,10.80902288
0.007683864,10.77949003
0.008781559,10.92715427
0.008781559,10.92715427
0.008507135,11.01575282
0.007683864,11.01575282
0.007958288,11.10435137
0.008781559,11.16341707
0.008781559,11.19294992
0.008781559,11.22248277
0.008507135,11.22248277
0.008507135,11.31108132
0.008507135,11.25201562
0.008232711,11.34061417
0.009330406,11.37014701
0.00960483,11.37014701
0.008781559,11.45874556
0.008507135,11.48827841
0.00960483,11.48827841
0.009330406,11.60640981
0.007958288,11.54734411
0.008232711,11.60640981
0.008781559,11.63594266
0.008507135,11.66547551
0.008781559,11.69500836
0.00960483,11.72454121
0.009330406,11.75407406
0.00960483,11.78360691
0.009330406,11.8426726
0.009330406,11.81313976
0.008781559,11.87220545
0.008781559,11.9017383
0.008781559,11.9017383
0.009879254,11.93127115
0.009330406,11.99033685
0.00960483,11.960804
0.010428101,12.1380011
0.009879254,12.16753395
0.00960483,12.16753395
0.00960483,12.1970668
0.009330406,12.16753395
0.00960483,12.2561325
0.009330406,12.31519819
0.008781559,12.37426389
0.00960483,12.34473104
0.009879254,12.31519819
0.009330406,12.43332959
0.008781559,12.40379674
0.009330406,12.49239529
0.00960483,12.58099384
0.009879254,12.58099384
0.009879254,12.58099384
0.010428101,12.66959239
0.009879254,12.66959239
0.010428101,12.66959239
0.010153677,12.66959239
0.009879254,12.75819094
0.010428101,12.75819094
0.009879254,12.78772379
0.010428101,12.81725663
0.009879254,12.87632233
0.010428101,12.93538803
0.010428101,13.02398658
0.009879254,12.93538803
0.009879254,12.99445373
0.010428101,13.02398658
0.009879254,13.05351943
0.010428101,13.14211798
0.00960483,13.17165083
0.010702525,13.14211798
0.010702525,13.14211798
0.00960483,13.20118368
0.010702525,13.17165083
0.010702525,13.23071653
0.010702525,13.37838077
0.010702525,13.40791362
0.010428101,13.34884792
0.010702525,13.40791362
0.010428101,13.46697932
0.010153677,13.46697932
0.010702525,13.58511072
0.010976948,13.61464357
0.011525796,13.55557787
0.010976948,13.64417642
0.011251372,13.67370927
0.011525796,13.70324212
0.011251372,13.70324212
0.010702525,13.79184066
0.010976948,13.79184066
0.010702525,13.82137351
0.010976948,13.88043921
0.011525796,13.96903776
0.011525796,13.88043921
0.011525796,13.99857061
0.011525796,13.90997206
0.011251372,14.05763631
0.011525796,13.99857061
0.010702525,14.08716916
0.010976948,14.08716916
0.01180022,14.11670201
0.010976948,14.17576771
0.011525796,14.23483341
0.012074643,14.23483341
0.012349067,14.2938991
0.011525796,14.32343195
0.01180022,14.3529648
0.010976948,14.4120305
0.012074643,14.4710962
0.012074643,14.50062905
0.012074643,14.55969475
0.012349067,14.55969475
0.012074643,14.6482933
0.01180022,14.55969475
0.012074643,14.707359
0.012074643,14.73689184
0.012074643,14.79595754
0.012074643,14.76642469
0.012074643,14.85502324
0.012349067,14.85502324
0.012074643,14.94362179
0.012074643,14.97315464
0.012349067,14.97315464
0.013172338,15.03222034
0.012897914,15.06175319
0.012623491,15.03222034
0.012074643,15.09128604
0.012074643,15.17988459
0.012897914,15.17988459
0.013172338,15.26848313
0.012623491,15.23895028
0.012897914,15.35708168
0.012349067,15.44568023
0.012897914,15.41614738
0.012897914,15.41614738
0.012897914,15.41614738
0.012349067,15.50474593
0.012623491,15.50474593
0.012897914,15.56381163
0.013172338,15.56381163
0.013172338,15.65241018
0.012897914,15.62287733
0.013172338,15.68194303
0.012897914,15.71147587
0.013172338,15.74100872
0.013172338,15.82960727
0.013446762,15.80007442
0.012349067,15.77054157
0.013172338,15.82960727
0.013446762,15.82960727
0.013172338,15.88867297
0.013172338,15.97727152
0.013172338,16.00680437
0.013172338,16.03633722
0.012897914,16.03633722
0.013446762,16.12493577
0.012897914,16.15446862
0.013446762,16.12493577
0.013995609,16.18400146
0.013995609,16.27260001
0.013721186,16.27260001
0.013172338,16.24306716
0.013995609,16.30213286
0.014544457,16.30213286
0.013721186,16.36119856
0.013995609,16.39073141
0.014270033,16.44979711
0.013995609,16.47932996
0.013172338,16.44979711
0.013995609,16.53839566
0.014544457,16.53839566
0.013995609,16.56792851
0.014270033,16.62699421
0.014544457,16.53839566
0.014270033,16.62699421
0.013995609,16.65652706
0.014270033,16.6860599
0.014544457,16.71559275
0.014270033,16.71559275
0.014544457,16.71559275
0.014270033,16.83372415
0.014544457,16.83372415
0.015367728,16.8041913
0.014270033,16.89278985
0.014270033,16.9223227
0.013995609,16.9813884
0.014270033,16.95185555
0.014270033,16.9813884
0.014544457,16.95185555
0.01481888,17.0404541
0.015093304,17.0404541
0.015367728,17.12905265
0.014544457,17.18811834
0.015367728,17.0995198
0.01481888,17.15858549
0.014270033,17.18811834
0.014544457,17.21765119
0.015093304,17.18811834
0.015642151,17.21765119
0.015367728,17.24718404
0.015367728,17.27671689
0.015093304,17.30624974
0.015367728,17.27671689
0.015093304,17.33578259
0.01481888,17.30624974
0.015093304,17.39484829
0.01481888,17.36531544
0.01481888,17.33578259
0.015367728,17.33578259
0.015367728,17.42438114
0.015367728,17.42438114
0.015642151,17.45391399
0.015093304,17.42438114
0.015367728,17.42438114
0.01481888,17.57204539
0.015367728,17.54251254
0.015642151,17.54251254
0.016739846,17.60157824
0.016465423,17.54251254
0.015367728,17.63111108
0.016465423,17.63111108
0.015916575,17.69017678
0.015916575,17.69017678
0.016190999,17.74924248
0.016190999,17.77877533
0.016190999,17.69017678
0.016739846,17.83784103
0.015642151,17.86737388
0.015367728,17.83784103
0.016190999,17.80830818
0.015367728,17.89690673
0.015367728,17.89690673
0.015642151,17.98550528
0.015367728,18.04457098
0.015093304,17.95597243
0.016465423,18.01503813
0.016190999,18.07410383
0.016465423,18.04457098
0.016465423,18.13316952
0.015642151,18.10363668
0.016465423,18.19223522
0.015916575,18.22176807
0.016465423,18.31036662
0.016465423,18.22176807
0.016465423,18.28083377
0.016739846,18.28083377
0.016465423,18.31036662
0.016465423,18.33989947
0.016465423,18.31036662
0.016465423,18.39896517
0.016465423,18.45803087
0.017563117,18.39896517
0.016739846,18.45803087
0.016739846,18.54662942
0.017288694,18.45803087
0.016465423,18.54662942
0.016465423,18.51709657
0.017563117,18.60569511
0.017288694,18.60569511
0.01701427,18.60569511
0.016465423,18.63522796
0.017288694,18.69429366
0.016739846,18.66476081
0.017288694,18.66476081
0.017837541,18.78289221
0.016465423,18.72382651
0.017288694,18.69429366
0.017288694,18.75335936
0.016739846,18.72382651
0.01701427,18.87149076
0.017563117,18.78289221
0.017563117,18.84195791
0.017837541,18.90102361
0.017563117,18.90102361
0.016465423,18.93055646
0.017288694,18.90102361
0.01701427,19.0782207
0.01701427,18.98962216
0.017563117,18.98962216
0.017563117,19.01915501
0.017837541,18.98962216
0.016739846,19.0782207
0.017288694,19.16681925
0.017563117,19.04868786
0.017288694,19.16681925
0.018111965,19.16681925
0.018386389,19.1372864
0.017837541,19.2554178
0.017837541,19.16681925
0.017837541,19.22588495
0.018111965,19.2554178
0.018386389,19.2554178
0.018386389,19.4326149
0.018386389,19.3144835
0.018111965,19.40308205
0.017288694,19.34401635
0.018386389,19.40308205
0.018111965,19.34401635
0.018111965,19.4326149
0.018386389,19.4916806
0.018386389,19.46214775
0.018386389,19.4916806
0.018386389,19.52121345
0.018386389,19.5507463
0.017837541,19.52121345
0.018660812,19.60981199
0.018386389,19.60981199
0.018660812,19.63934484
0.018386389,19.69841054
0.018660812,19.72794339
0.018660812,19.66887769
0.018386389,19.69841054
0.018386389,19.69841054
0.018660812,19.75747624
0.018660812,19.69841054
0.018660812,19.78700909
0.018935236,19.78700909
0.018660812,19.84607479
0.018660812,19.84607479
0.01920966,19.84607479
0.018660812,19.87560764
0.018660812,19.87560764
0.018660812,19.96420619
0.019484083,19.93467334
0.019484083,19.96420619
0.018660812,19.93467334
0.01920966,19.99373904
0.018660812,19.99373904
0.01920966,20.05280473
0.019484083,20.05280473
0.019758507,20.02327189
0.019484083,20.02327189
0.018660812,19.99373904
0.01920966,20.11187043
0.01920966,20.14140328
0.018660812,20.05280473
0.019484083,20.14140328
0.019758507,20.05280473
0.019484083,20.20046898
0.019758507,20.11187043
0.019484083,20.05280473
0.019758507,20.11187043
0.019758507,20.08233758
0.019758507,20.20046898
0.020032931,20.23000183
0.019758507,20.20046898
0.020581778,20.11187043
0.019758507,20.17093613
0.019758507,20.37766608
0.018660812,20.31860038
0.019758507,20.31860038
0.019758507,20.40719893
0.019758507,20.34813323
0.018935236,20.43673178
0.019758507,20.52533032
0.019484083,20.49579748
0.020307355,20.46626463
0.019758507,20.46626463
0.020581778,20.55486317
0.019484083,20.52533032
0.020032931,20.55486317
0.019484083,20.52533032
0.019758507,20.55486317
0.019758507,20.58439602
0.019758507,20.64346172
0.019484083,20.67299457
0.020032931,20.67299457
0.019758507,20.73206027
0.019758507,20.70252742
0.019758507,20.67299457
0.019758507,20.70252742
0.019758507,20.70252742
0.020307355,20.67299457
0.020307355,20.70252742
0.019484083,20.64346172
0.019758507,20.73206027
0.020032931,20.82065882
0.020032931,20.82065882
0.019484083,20.85019167
0.019758507,20.90925737
0.020307355,20.87972452
0.020032931,20.96832307
0.020581778,20.93879022
0.020032931,20.93879022
0.020581778,21.02738876
0.020581778,21.02738876
0.020307355,20.96832307
0.020307355,21.05692161
0.020032931,21.02738876
0.020032931,21.05692161
0.021130626,21.11598731
0.020581778,21.17505301
0.020581778,21.14552016
0.020856202,21.17505301
0.020581778,21.29318441
0.020581778,21.26365156
0.020581778,21.20458586
0.020581778,21.26365156
0.021130626,21.26365156
0.021405049,21.29318441
0.021130626,21.35225011
0.020856202,21.32271726
0.020581778,21.41131581
0.021130626,21.44084866
0.021679473,21.49991435
0.021405049,21.47038151
0.020856202,21.47038151
0.021679473,21.49991435
0.021679473,21.49991435
0.021953897,21.5294472
0.021679473,21.55898005
0.021130626,21.67711145
0.020856202,21.5885129
0.021405049,21.6475786
0.021405049,21.61804575
0.020856202,21.7066443
0.021405049,21.7066443
0.021953897,21.76571
0.021953897,21.73617715
0.021953897,21.73617715
0.021405049,21.79524285
0.021679473,21.85430855
0.021679473,21.8247757
0.021130626,21.91337425
0.021130626,21.85430855
0.021953897,21.91337425
0.021405049,21.91337425
0.021953897,21.91337425
0.020581778,22.00197279
0.021953897,22.00197279
0.021953897,21.97243994
0.021405049,22.06103849
0.021679473,22.09057134
0.021953897,22.06103849
0.021953897,22.14963704
0.021405049,22.14963704
0.021953897,22.03150564
0.021405049,22.14963704
0.022228321,22.17916989
0.022228321,22.14963704
0.021953897,22.17916989
0.021953897,22.17916989
0.021953897,22.23823559
0.022228321,22.23823559
0.022228321,22.26776844
0.021953897,22.26776844
0.022777168,22.29730129
0.021953897,22.29730129
0.022228321,22.26776844
0.022228321,22.35636699
0.022777168,22.35636699
0.021953897,22.32683414
0.022228321,22.41543269
0.022777168,22.44496554
0.021953897,22.38589984
0.022228321,22.50403123
0.022228321,22.50403123
0.023051592,22.47449838
0.022777168,22.50403123
0.023051592,22.53356408
0.023051592,22.59262978
0.022228321,22.59262978
0.022777168,22.59262978
0.023326015,22.65169548
0.023326015,22.68122833
0.023326015,22.62216263
0.023051592,22.65169548
0.023874863,22.68122833
0.023326015,22.68122833
0.023600439,22.74029403
0.023051592,22.76982688
0.023600439,22.74029403
0.022777168,22.79935973
0.023051592,22.88795828
0.022777168,22.91749113
0.023326015,22.94702397
0.023600439,22.97655682
0.023874863,22.91749113
0.023051592,23.00608967
0.022777168,22.94702397
0.023874863,22.94702397
0.023600439,22.97655682
0.023051592,23.03562252
0.023326015,23.09468822
0.023326015,23.12422107
0.023874863,23.09468822
0.023874863,23.06515537
0.024149286,23.15375392
0.023600439,23.21281962
0.023874863,23.21281962
0.023874863,23.24235247
0.023874863,23.24235247
0.023600439,23.24235247
0.023326015,23.30141817
0.023326015,23.27188532
0.024698134,23.30141817
0.023874863,23.36048387
0.02442371,23.33095102
0.02442371,23.39001672
0.02442371,23.39001672
0.024149286,23.39001672
0.024698134,23.39001672
0.023874863,23.44908241
0.024698134,23.47861526
0.024698134,23.50814811
0.024972558,23.53768096
0.024149286,23.59674666
0.02442371,23.53768096
0.024149286,23.56721381
0.025246981,23.56721381
0.023874863,23.59674666
0.024972558,23.65581236
0.02442371,23.65581236
0.02442371,23.65581236
0.024149286,23.71487806
0.024149286,23.71487806
0.024972558,23.74441091
0.02442371,23.68534521
0.024698134,23.68534521
0.025521405,23.65581236
0.025521405,23.74441091
0.025521405,23.77394376
0.025246981,23.80347661
0.025246981,23.86254231
0.025246981,23.89207516
0.024972558,23.86254231
0.024698134,23.921608
0.025246981,23.86254231
0.025246981,23.89207516
0.025246981,23.89207516
0.025521405,23.95114085
0.024972558,24.01020655
0.02442371,23.95114085
0.025795829,24.01020655
0.025521405,24.0988051
0.024972558,24.0988051
0.025521405,24.0988051
0.0266191,24.1578708
0.025521405,24.0988051
0.026070252,24.18740365
0.025795829,24.18740365
0.026070252,24.1578708
0.02442371,24.2760022
0.025246981,24.24646935
0.026344676,24.2760022
0.026344676,24.30553505
0.026344676,24.2760022
0.0266191,24.39413359
0.026344676,24.3350679
0.026344676,24.3350679
0.026070252,24.39413359
0.026070252,24.39413359
0.026344676,24.45319929
0.026344676,24.45319929
0.025521405,24.48273214
0.026070252,24.48273214
0.026893524,24.45319929
0.026344676,24.51226499
0.026344676,24.57133069
0.026344676,24.54179784
0.026344676,24.63039639
0.025795829,24.63039639
0.026070252,24.60086354
0.026344676,24.63039639
0.026344676,24.63039639
0.027167947,24.71899494
0.027167947,24.71899494
0.027167947,24.71899494
0.026893524,24.71899494
0.026344676,24.80759349
0.027442371,24.77806064
0.0266191,24.74852779
0.027167947,24.80759349
0.027442371,24.80759349
0.027442371,24.74852779
0.027442371,24.86665919
0.026893524,24.86665919
0.027442371,24.89619203
0.027442371,24.89619203
0.027442371,24.95525773
0.027442371,24.92572488
0.026893524,24.95525773
0.0266191,24.95525773
0.027442371,25.01432343
0.027442371,24.98479058
0.027167947,25.04385628
0.027716795,25.01432343
0.027991218,25.07338913
0.027442371,25.07338913
0.026893524,25.10292198
0.027991218,25.19152053
0.027716795,25.16198768
0.027442371,25.22105338
0.027167947,25.13245483
0.027991218,25.19152053
0.027716795,25.28011908
0.027716795,25.33918478
0.027716795,25.33918478
0.028540066,25.33918478
0.027991218,25.36871762
0.028265642,25.33918478
0.028265642,25.39825047
0.028265642,25.42778332
0.028265642,25.42778332
0.02881449,25.42778332
0.027442371,25.42778332
0.028540066,25.45731617
0.028540066,25.48684902
0.029088913,25.51638187
0.028540066,25.57544757
0.02881449,25.57544757
0.028540066,25.60498042
0.027716795,25.54591472
0.028540066,25.60498042
0.028540066,25.60498042
0.02881449,25.60498042
0.029088913,25.69357897
0.029637761,25.69357897
0.02881449,25.66404612
0.029088913,25.69357897
0.02881449,25.72311182
0.028540066,25.75264467
0.029363337,25.78217752
0.029363337,25.72311182
0.029637761,25.84124321
0.029363337,25.72311182
0.029637761,25.84124321
0.02881449,25.90030891
0.029363337,25.84124321
0.02881449,25.90030891
0.029363337,25.92984176
0.029637761,25.92984176
0.029637761,25.98890746
0.029363337,25.92984176
0.02881449,26.04797316
0.029637761,26.01844031
0.029637761,26.04797316
0.029637761,25.98890746
0.029637761,26.07750601
0.029637761,26.04797316
0.029637761,26.10703886
0.029637761,26.13657171
0.029637761,26.13657171
0.030461032,26.10703886
0.029363337,26.19563741
0.029637761,26.19563741
0.029637761,26.22517026
0.029912184,26.22517026
0.029912184,26.19563741
0.029363337,26.22517026
0.030461032,26.25470311
0.029637761,26.31376881
0.030735456,26.34330165
0.030461032,26.28423596
0.030186608,26.3728345
0.029637761,26.3728345
0.030735456,26.34330165
0.029912184,26.3728345
0.029912184,26.3728345
0.030461032,26.4319002
0.029912184,26.4319002
0.030461032,26.40236735
0.030735456,26.52049875
0.030735456,26.5500316
0.029912184,26.5500316
0.030461032,26.5500316
0.030461032,26.57956445
0.031009879,26.52049875
0.031284303,26.5500316
0.031284303,26.5500316
0.030735456,26.6090973
0.03183315,26.6090973
0.030735456,26.63863015
0.031558727,26.63863015
0.030186608,26.69769585
0.031009879,26.75676155
0.030735456,26.7272287
0.032107574,26.75676155
0.030735456,26.81582724
0.031009879,26.7862944
0.031558727,26.81582724
0.03183315,26.7272287
0.031558727,26.81582724
0.032107574,26.96349149
0.031284303,26.93395864
0.031558727,26.87489294
0.03183315,26.90442579
0.032107574,26.93395864
0.031284303,26.93395864
0.031558727,27.05209004
0.031558727,26.96349149
0.031558727,27.02255719
0.03183315,26.99302434
0.03183315,27.02255719
0.03183315,27.05209004
0.03183315,27.08162289
0.03183315,27.08162289
0.032107574,27.14068859
0.03183315,27.14068859
0.032107574,27.11115574
0.032107574,27.14068859
0.032656422,27.17022144
0.03183315,27.19975429
0.031558727,27.17022144
0.031558727,27.22928714
0.03183315,27.22928714
0.03183315,27.22928714
0.032107574,27.25881999
0.032107574,27.19975429
0.032107574,27.28835283
0.032930845,27.17022144
0.032107574,27.28835283
0.032107574,27.34741853
0.032656422,27.34741853
0.032381998,27.43601708
0.032381998,27.40648423
0.032656422,27.37695138
0.032930845,27.49508278
0.032381998,27.46554993
0.033205269,27.46554993
0.032107574,27.49508278
0.032930845,27.52461563
0.032930845,27.55414848
0.033205269,27.55414848
0.033479693,27.58368133
0.033479693,27.64274703
0.032656422,27.58368133
0.032930845,27.64274703
0.033205269,27.61321418
0.032930845,27.67227988
0.033205269,27.70181273
0.033479693,27.76087843
0.033479693,27.70181273
0.03402854,27.76087843
0.032930845,27.79041127
0.032930845,27.76087843
0.033754116,27.76087843
0.033754116,27.79041127
0.03402854,27.79041127
0.033479693,27.81994412
0.034302964,27.76087843
0.033479693,27.90854267
0.033754116,27.87900982
0.033754116,27.84947697
0.034851811,27.81994412
0.03402854,27.84947697
0.03402854,27.96760837
0.034577387,27.90854267
0.034302964,27.96760837
0.03402854,27.96760837
0.034851811,28.05620692
0.035126235,28.05620692
0.03402854,28.02667407
0.034302964,28.05620692
0.034577387,28.11527262
0.03402854,28.11527262
0.03402854,28.14480547
0.034851811,28.17433832
0.035126235,28.20387117
0.035400659,28.14480547
0.034851811,28.17433832
0.034851811,28.26293686
0.034302964,28.17433832
0.035126235,28.23340402
0.035126235,28.23340402
0.034851811,28.26293686
0.034851811,28.32200256
0.034302964,28.32200256
0.035126235,28.29246971
0.034302964,28.32200256
0.034851811,28.29246971
0.035675082,28.32200256
0.035400659,28.35153541
0.035400659,28.35153541
0.035126235,28.35153541
0.035126235,28.46966681
0.035126235,28.41060111
0.035675082,28.41060111
0.035949506,28.46966681
0.03622393,28.44013396
0.035400659,28.49919966
0.035126235,28.55826536
0.035126235,28.58779821
0.035126235,28.52873251
0.035949506,28.55826536
0.035949506,28.58779821
0.035949506,28.61733106
0.035675082,28.61733106
0.035400659,28.61733106
0.03622393,28.70592961
0.03622393,28.64686391
0.035949506,28.7649953
0.036498353,28.73546245
0.03622393,28.7649953
0.035949506,28.7649953
0.035949506,28.7649953
0.03622393,28.85359385
0.03622393,28.73546245
0.03622393,28.85359385
0.037321625,28.79452815
0.036772777,28.824061
0.03622393,28.79452815
0.036498353,28.9421924
0.03622393,28.79452815
0.03622393,28.8831267
0.037321625,28.91265955
0.037047201,28.8831267
0.037047201,29.0012581
0.037321625,29.0012581
0.037047201,29.0012581
0.036772777,29.0012581
0.037047201,29.03079095
0.037321625,28.97172525
0.037321625,29.0012581
0.036772777,29.03079095
0.037321625,29.14892235
0.037321625,29.08985665
0.037321625,29.08985665
0.037047201,29.14892235
0.037596048,29.1193895
0.037321625,29.1193895
0.037596048,29.1193895
0.037047201,29.14892235
0.037321625,29.1784552
0.037596048,29.20798805
0.038144896,29.1784552
0.037047201,29.20798805
0.037321625,29.32611944
0.037870472,29.29658659
0.037321625,29.20798805
0.038693743,29.26705374
0.037870472,29.20798805
0.038419319,29.32611944
0.037596048,29.32611944
0.038419319,29.35565229
0.037596048,29.35565229
0.038144896,29.38518514
0.038144896,29.50331654
0.038144896,29.44425084
0.038693743,29.44425084
0.038144896,29.53284939
0.038419319,29.47378369
0.038419319,29.53284939
0.037870472,29.59191509
0.038968167,29.53284939
0.038144896,29.56238224
0.038144896,29.62144794
0.038144896,29.62144794
0.038968167,29.59191509
0.038693743,29.59191509
0.039242591,29.62144794
0.038693743,29.59191509
0.038419319,29.62144794
0.038693743,29.62144794
0.038419319,29.62144794
0.038693743,29.65098079
0.038419319,29.71004648
0.038693743,29.71004648
0.039242591,29.65098079
0.038693743,29.76911218
0.038693743,29.71004648
0.039242591,29.76911218
0.038693743,29.79864503
0.038693743,29.82817788
0.039242591,29.85771073
0.039517014,29.85771073
0.039517014,29.85771073
0.039517014,29.85771073
0.039517014,29.85771073
0.039517014,29.91677643
0.039242591,29.94630928
0.039791438,29.88724358
0.040065862,29.94630928
0.039517014,29.91677643
0.039517014,29.97584213
0.039517014,29.91677643
0.039242591,29.97584213
0.039517014,30.00537498
0.039517014,30.00537498
0.040614709,30.06444068
0.040614709,30.06444068
0.040614709,30.06444068
0.040340285,29.97584213
0.039791438,30.06444068
0.040614709,30.09397353
0.039791438,30.09397353
0.039791438,30.06444068
0.040614709,30.06444068
0.040340285,30.18257207
0.040340285,30.15303923
0.040614709,30.24163777
0.040614709,30.18257207
0.040614709,30.24163777
0.040614709,30.24163777
0.040614709,30.21210492
0.040614709,30.27117062
0.040614709,30.27117062
0.040889133,30.24163777
0.040889133,30.33023632
0.041163557,30.30070347
0.04143798,30.30070347
0.041163557,30.30070347
0.041163557,30.24163777
0.040889133,30.38930202
0.040614709,30.35976917
0.041163557,30.35976917
0.04143798,30.35976917
0.04143798,30.35976917
0.040889133,30.35976917
0.040614709,30.47790057
0.04143798,30.47790057
0.041163557,30.47790057
0.04143798,30.41883487
0.040889133,30.41883487
0.041712404,30.47790057
0.04143798,30.56649912
0.041986828,30.47790057
0.041712404,30.47790057
0.042810099,30.50743342
0.042261251,30.59603197
0.042535675,30.59603197
0.042535675,30.65509767
0.041712404,30.59603197
0.042535675,30.62556482
0.041712404,30.68463051
0.041986828,30.59603197
0.041712404,30.68463051
0.042535675,30.65509767
0.042535675,30.68463051
0.042535675,30.68463051
0.042535675,30.65509767
0.042535675,30.71416336
0.042535675,30.74369621
0.042261251,30.65509767
0.042810099,30.77322906
0.043084523,30.77322906
0.042810099,30.74369621
0.043084523,30.77322906
0.043907794,30.83229476
0.043907794,30.77322906
0.043907794,30.83229476
0.043084523,30.83229476
0.042810099,30.80276191
0.043084523,30.83229476
0.043907794,30.95042616
0.043358946,30.95042616
0.04363337,30.89136046
0.043084523,30.95042616
0.043907794,30.97995901
0.04363337,30.97995901
0.043907794,31.00949186
0.044182217,31.00949186
0.044182217,30.95042616
0.043907794,31.00949186
0.04363337,30.95042616
0.043907794,31.00949186
0.043907794,31.00949186
0.044731065,31.06855756
0.044182217,31.06855756
0.043907794,31.03902471
0.043907794,31.06855756
0.043907794,31.1571561
0.044182217,31.18668895
0.044182217,31.09809041
0.043907794,31.12762326
0.045005488,31.12762326
0.044731065,31.18668895
0.044731065,31.12762326
0.044182217,31.18668895
0.043907794,31.18668895
0.044182217,31.2162218
0.045005488,31.2162218
0.044456641,31.30482035
0.045005488,31.2752875
0.045554336,31.2752875
0.045005488,31.30482035
0.045279912,31.30482035
0.045005488,31.30482035
0.046103183,31.36388605
0.04582876,31.3343532
0.04582876,31.3934189
0.045279912,31.30482035
0.045279912,31.36388605
0.04582876,31.3934189
0.045279912,31.4524846
0.045554336,31.3934189
0.045005488,31.3934189
0.04582876,31.3934189
0.04582876,31.3934189
0.045554336,31.3934189
0.046103183,31.4524846
0.046103183,31.4524846
0.046377607,31.4524846
0.046103183,31.4524846
0.045554336,31.5115503
0.046377607,31.48201745
0.045005488,31.4524846
0.046103183,31.570616
0.046377607,31.570616
0.04582876,31.5115503
0.046377607,31.60014885
0.046377607,31.62968169
0.046377607,31.68874739
0.046377607,31.62968169
0.046377607,31.62968169
0.046377607,31.62968169
0.046652031,31.62968169
0.047475302,31.62968169
0.047200878,31.74781309
0.047200878,31.570616
0.047200878,31.62968169
0.046377607,31.68874739
0.047200878,31.68874739
0.046377607,31.62968169
0.047200878,31.74781309
0.047475302,31.74781309
0.046377607,31.80687879
0.047200878,31.68874739
0.047749726,31.74781309
0.047200878,31.80687879
0.047475302,31.68874739
0.047475302,31.80687879
0.047475302,31.80687879
0.047749726,31.77734594
0.047475302,31.80687879
0.047749726,31.83641164
0.048024149,31.86594449
0.047749726,31.80687879
0.048298573,31.86594449
0.048298573,31.92501019
0.047749726,31.95454304
0.048298573,31.86594449
0.047749726,31.92501019
0.048298573,31.89547734
0.048572997,31.89547734
0.048572997,31.92501019
0.048572997,31.98407589
0.048572997,31.95454304
0.048298573,31.98407589
0.047749726,31.95454304
0.048024149,31.98407589
0.048024149,31.98407589
0.048298573,32.04314159
0.048572997,32.01360874
0.048298573,31.98407589
0.04884742,32.07267444
0.048572997,32.04314159
0.04884742,32.04314159
0.04884742,32.01360874
0.04884742,32.04314159
0.048572997,32.16127298
0.04884742,32.10220729
0.049670692,32.10220729
0.049121844,32.16127298
0.04884742,32.16127298
0.049121844,32.16127298
0.049121844,32.10220729
0.049670692,32.22033868
0.049670692,32.13174013
0.049945115,32.19080583
0.049670692,32.22033868
0.049670692,32.24987153
0.049396268,32.16127298
0.049670692,32.22033868
0.049945115,32.27940438
0.049945115,32.22033868
0.050219539,32.33847008
0.049945115,32.27940438
0.049945115,32.27940438
0.050219539,32.30893723
0.049396268,32.33847008
0.049945115,32.27940438
0.050768386,32.33847008
0.050493963,32.33847008
0.050493963,32.33847008
0.050768386,32.36800293
0.050493963,32.33847008
0.051317234,32.33847008
0.051317234,32.36800293
0.051866081,32.39753578
0.05104281,32.39753578
0.051591658,32.39753578
0.051317234,32.36800293
0.051591658,32.39753578
0.050768386,32.39753578
0.051591658,32.42706863
0.050768386,32.45660148
0.051866081,32.45660148
0.051591658,32.39753578
0.051866081,32.42706863
0.05104281,32.51566718
0.051866081,32.45660148
0.051866081,32.51566718
0.051591658,32.54520003
0.051317234,32.57473288
0.051866081,32.57473288
0.051866081,32.51566718
0.051866081,32.57473288
0.052140505,32.63379857
0.052140505,32.54520003
0.052689352,32.54520003
0.052414929,32.63379857
0.052414929,32.60426572
0.051866081,32.57473288
0.051591658,32.60426572
0.052963776,32.63379857
0.052963776,32.69286427
0.053512623,32.60426572
0.0532382,32.60426572
0.052963776,32.78146282
0.052689352,32.69286427
0.052689352,32.69286427
0.054061471,32.63379857
0.054061471,32.66333142
0.054061471,32.57473288
0.054061471,32.66333142
0.054335895,32.66333142
0.0532382,32.69286427
0.053787047,32.75192997
0.052963776,32.72239712
0.054061471,32.66333142
0.053787047,32.75192997
0.054061471,32.78146282
0.054061471,32.78146282
0.054061471,32.72239712
0.054061471,32.75192997
0.054061471,32.81099567
0.053787047,32.81099567
0.054061471,32.81099567
0.0532382,32.81099567
0.054061471,32.87006137
0.054061471,32.87006137
0.054061471,32.72239712
0.054335895,32.87006137
0.054884742,32.92912707
0.054884742,32.89959422
0.054610318,32.92912707
0.055159166,32.87006137
0.054061471,32.92912707
0.055159166,32.89959422
0.054884742,32.95865992
0.055159166,32.92912707
0.055159166,32.95865992
0.054884742,32.95865992
0.054884742,32.92912707
0.055159166,32.95865992
0.055159166,33.04725847
0.055159166,32.92912707
0.055982437,32.92912707
0.055433589,32.98819277
0.055982437,32.98819277
0.055982437,33.04725847
0.056256861,33.04725847
0.055708013,32.98819277
0.055982437,32.98819277
0.056531284,32.98819277
0.055708013,33.01772562
0.056256861,33.04725847
0.057354555,33.04725847
0.057080132,32.98819277
0.056531284,33.07679131
0.056256861,33.04725847
0.056531284,33.10632416
0.056256861,33.04725847
0.056531284,33.10632416
0.057354555,33.10632416
0.056531284,33.10632416
0.056531284,33.19492271
0.057080132,33.16538986
0.057354555,33.13585701
0.057354555,33.22445556
0.055982437,33.13585701
0.057628979,33.22445556
0.057354555,33.16538986
0.057354555,33.16538986
0.057903403,33.19492271
0.057080132,33.22445556
0.057080132,33.16538986
0.057628979,33.22445556
0.057354555,33.22445556
0.057354555,33.22445556
0.057903403,33.25398841
0.057903403,33.22445556
0.057903403,33.22445556
0.057628979,33.22445556
0.058726674,33.28352126
0.058177827,33.22445556
0.05845225,33.22445556
0.057628979,33.22445556
0.058177827,33.22445556
0.058177827,33.16538986
0.058177827,33.31305411
0.058726674,33.31305411
0.059001098,33.31305411
0.059001098,33.34258696
0.058726674,33.28352126
0.058726674,33.28352126
0.058177827,33.28352126
0.059001098,33.22445556
0.059549945,33.31305411
0.059824369,33.28352126
0.059824369,33.34258696
0.059275521,33.40165266
0.059001098,33.34258696
0.059549945,33.46071836
0.058726674,33.34258696
0.059549945,33.40165266
0.060373216,33.43118551
0.059549945,33.46071836
0.059824369,33.37211981
0.059549945,33.46071836
0.059824369,33.46071836
0.060098793,33.40165266
0.059549945,33.40165266
0.059824369,33.40165266
0.059549945,33.46071836
0.059549945,33.46071836
0.059824369,33.46071836
0.06064764,33.46071836
0.06064764,33.46071836
0.06064764,33.46071836
0.06064764,33.43118551
0.06064764,33.57884975
0.060373216,33.49025121
0.06064764,33.51978406
0.06064764,33.51978406
0.060922064,33.57884975
0.061196487,33.51978406
0.061470911,33.54931691
0.061745335,33.6083826
0.061196487,33.57884975
0.060922064,33.51978406
0.061470911,33.57884975
0.061470911,33.54931691
0.061745335,33.63791545
0.062019759,33.6083826
0.061745335,33.57884975
0.062019759,33.6083826
0.06284303,33.57884975
0.06284303,33.63791545
0.06284303,33.54931691
0.06284303,33.54931691
0.062568606,33.57884975
0.06284303,33.63791545
0.062294182,33.63791545
0.062294182,33.63791545
0.062019759,33.57884975
0.06284303,33.63791545
0.062568606,33.57884975
0.062568606,33.57884975
0.062568606,33.63791545
0.062019759,33.69698115
0.06284303,33.726514
0.062568606,33.69698115
0.06284303,33.69698115
0.063666301,33.75604685
0.063117453,33.726514
0.06284303,33.63791545
0.063940724,33.6674483
0.063666301,33.69698115
0.064215148,33.69698115
0.063117453,33.69698115
0.063117453,33.75604685
0.063117453,33.63791545
0.063666301,33.75604685
0.063391877,33.69698115
0.063940724,33.69698115
0.064763996,33.726514
0.063391877,33.75604685
0.063940724,33.69698115
0.063940724,33.75604685
0.064763996,33.75604685
0.064489572,33.75604685
0.064763996,33.7855797
0.064215148,33.81511255
0.064763996,33.75604685
0.064763996,33.75604685
0.065038419,33.81511255
0.065038419,33.75604685
0.064763996,33.81511255
0.065038419,33.81511255
0.065038419,33.75604685
0.065038419,33.81511255
0.064763996,33.75604685
0.065587267,33.75604685
0.065587267,33.81511255
0.065312843,33.81511255
0.065587267,33.81511255
0.065587267,33.7855797
0.065038419,33.7855797
0.065312843,33.75604685
0.065312843,33.81511255
0.065312843,33.87417825
0.066410538,33.9037111
0.066136114,33.9037111
0.066410538,33.93324395
0.066410538,33.87417825
0.066410538,33.87417825
0.065587267,33.9627768
0.066959385,33.93324395
0.066959385,33.93324395
0.066410538,33.9627768
0.067233809,33.87417825
0.067233809,33.93324395
0.066136114,33.93324395
0.06586169,33.93324395
0.067233809,33.93324395
0.067233809,33.87417825
0.06805708,33.93324395
0.066684962,33.99230965
0.067508233,33.93324395
0.067233809,33.93324395
0.067233809,33.93324395
0.06805708,33.93324395
0.06805708,33.93324395
0.068331504,33.93324395
0.06805708,33.93324395
0.06805708,33.99230965
0.067782656,33.93324395
0.069154775,33.99230965
0.06805708,33.93324395
0.06805708,33.99230965
0.068605928,33.93324395
0.068331504,33.9627768
0.068331504,33.9627768
0.068880351,33.93324395
0.069429199,33.99230965
0.069154775,33.87417825
0.068880351,33.93324395
0.068880351,34.05137534
0.068880351,33.99230965
0.068880351,33.93324395
0.069429199,33.99230965
0.069429199,33.99230965
0.069429199,33.93324395
0.068880351,34.05137534
0.069154775,33.99230965
0.069429199,33.99230965
0.069703622,34.0218425
0.069703622,33.93324395
0.070526894,33.99230965
0.069978046,33.99230965
0.069703622,33.99230965
0.069703622,34.08090819
0.069703622,34.11044104
0.07025247,34.05137534
0.069703622,34.05137534
0.07025247,34.08090819
0.070801317,34.11044104
0.07025247,34.13997389
0.07025247,34.11044104
0.07025247,34.16950674
0.070526894,34.16950674
0.070526894,34.05137534
0.070526894,34.11044104
0.070801317,34.08090819
0.070526894,34.11044104
0.070801317,34.08090819
0.071350165,34.11044104
0.071624588,34.11044104
0.071624588,34.11044104
0.071624588,34.16950674
0.071350165,34.16950674
0.071350165,34.16950674
0.071624588,34.11044104
0.071624588,34.11044104
0.071624588,34.16950674
0.071075741,34.16950674
0.071624588,34.16950674
0.072173436,34.13997389
0.071350165,34.19903959
0.072173436,34.19903959
0.071624588,34.05137534
0.072722283,34.16950674
0.072996707,34.11044104
0.073819978,34.16950674
0.073545554,34.13997389
0.072722283,34.11044104
0.072996707,34.16950674
0.072722283,34.16950674
0.072722283,34.16950674
0.072996707,34.22857244
0.073819978,34.13997389
0.073545554,34.16950674
0.072996707,34.22857244
0.072996707,34.16950674
0.073819978,34.16950674
0.072996707,34.16950674
0.073545554,34.16950674
0.073819978,34.19903959
0.073819978,34.19903959
0.073819978,34.19903959
0.073819978,34.28763814
0.074917673,34.22857244
0.074643249,34.22857244
0.074643249,34.16950674
0.074917673,34.22857244
0.074643249,34.28763814
0.074917673,34.22857244
0.074917673,34.19903959
0.075192097,34.28763814
0.074917673,34.22857244
0.074917673,34.16950674
0.074643249,34.22857244
0.074917673,34.22857244
0.074917673,34.22857244
0.075740944,34.25810529
0.075740944,34.22857244
0.075740944,34.25810529
0.07546652,34.28763814
0.076015368,34.22857244
0.075740944,34.16950674
0.07546652,34.25810529
0.07546652,34.28763814
0.076838639,34.22857244
0.07546652,34.25810529
0.076289791,34.31717099
0.076289791,34.22857244
0.076015368,34.25810529
0.076289791,34.22857244
0.076838639,34.28763814
0.076289791,34.22857244
0.076564215,34.28763814
0.076838639,34.16950674
0.076838639,34.22857244
0.077113063,34.28763814
0.077387486,34.22857244
0.07766191,34.16950674
0.07766191,34.22857244
0.077936334,34.25810529
0.077387486,34.16950674
0.077113063,34.28763814
0.077113063,34.28763814
0.078210757,34.28763814
0.077936334,34.28763814
0.078210757,34.25810529
0.077387486,34.28763814
0.077936334,34.28763814
0.077113063,34.28763814
0.078485181,34.34670384
0.078210757,34.28763814
0.079034029,34.28763814
0.079034029,34.34670384
0.078210757,34.22857244
0.078485181,34.22857244
0.078210757,34.28763814
0.078485181,34.28763814
0.079308452,34.34670384
0.079034029,34.28763814
0.078759605,34.34670384
0.079308452,34.34670384
0.079034029,34.31717099
0.079582876,34.40576954
0.079308452,34.34670384
0.079308452,34.37623669
0.079582876,34.34670384
0.079582876,34.34670384
0.079308452,34.28763814
0.079034029,34.28763814
0.080680571,34.34670384
0.080406147,34.34670384
0.080680571,34.28763814
0.080131723,34.34670384
0.080406147,34.40576954
0.079582876,34.28763814
0.080406147,34.34670384
0.080954995,34.37623669
0.081503842,34.34670384
0.080680571,34.34670384
0.081778266,34.28763814
0.080680571,34.31717099
0.081503842,34.22857244
0.080954995,34.34670384
0.081778266,34.28763814
0.081503842,34.34670384
0.081778266,34.34670384
0.082052689,34.28763814
0.080954995,34.28763814
0.081503842,34.34670384
0.081778266,34.31717099
0.081778266,34.28763814
0.082052689,34.31717099
0.082601537,34.31717099
0.082601537,34.28763814
0.082052689,34.34670384
0.082052689,34.31717099
0.08287596,34.34670384
0.083424808,34.40576954
0.083150384,34.28763814
0.08287596,34.43530239
0.083699232,34.31717099
0.08287596,34.40576954
0.08287596,34.40576954
0.083973655,34.43530239
0.08287596,34.40576954
0.083424808,34.40576954
0.083699232,34.37623669
0.083973655,34.43530239
0.083973655,34.34670384
0.083150384,34.37623669
0.083973655,34.40576954
0.083973655,34.40576954
0.083699232,34.43530239
0.083699232,34.40576954
0.084248079,34.46483524
0.083973655,34.40576954
0.084522503,34.34670384
0.084796926,34.40576954
0.08507135,34.40576954
0.084796926,34.37623669
0.084248079,34.37623669
0.084248079,34.28763814
0.084796926,34.37623669
0.08507135,34.37623669
0.085345774,34.34670384
0.084796926,34.34670384
0.085345774,34.43530239
0.084248079,34.34670384
0.08507135,34.34670384
0.086169045,34.40576954
0.085345774,34.28763814
0.086169045,34.28763814
0.085894621,34.40576954
0.086169045,34.40576954
0.085894621,34.34670384
0.086169045,34.34670384
0.086443469,34.37623669
0.086443469,34.40576954
0.086992316,34.46483524
0.086169045,34.40576954
0.086169045,34.43530239
0.086717892,34.46483524
0.086443469,34.40576954
0.08726674,34.46483524
0.086717892,34.40576954
0.086717892,34.46483524
0.08726674,34.40576954
0.087541164,34.28763814
0.08726674,34.46483524
0.087541164,34.43530239
0.088090011,34.34670384
0.08726674,34.43530239
0.088090011,34.40576954
0.088090011,34.34670384
0.088638858,34.46483524
0.088090011,34.40576954
0.089187706,34.43530239
0.088364435,34.40576954
0.088090011,34.34670384
0.088090011,34.31717099
0.088090011,34.40576954
0.088364435,34.43530239
0.088090011,34.40576954
0.08946213,34.40576954
0.089187706,34.43530239
0.088364435,34.31717099
0.088638858,34.46483524
0.088638858,34.34670384
0.089187706,34.37623669
0.089736553,34.46483524
0.090285401,34.40576954
0.08946213,34.40576954
0.088913282,34.40576954
0.08946213,34.40576954
0.089736553,34.37623669
0.089187706,34.34670384
0.090010977,34.49436809
0.090559824,34.46483524
0.090559824,34.46483524
0.090285401,34.46483524
0.089736553,34.46483524
0.090559824,34.46483524
0.090559824,34.46483524
0.090834248,34.46483524
0.091383095,34.40576954
0.090559824,34.40576954
0.090834248,34.37623669
0.090834248,34.37623669
0.090834248,34.43530239
0.091383095,34.37623669
0.091383095,34.34670384
0.091383095,34.46483524
0.091657519,34.40576954
0.091383095,34.52390094
0.091931943,34.43530239
0.091383095,34.40576954
0.09248079,34.46483524
0.092206367,34.34670384
0.09248079,34.46483524
0.091657519,34.46483524
0.091657519,34.40576954
0.091931943,34.40576954
0.091657519,34.40576954
0.093852909,34.46483524
0.092206367,34.46483524
0.092755214,34.46483524
0.09248079,34.46483524
0.093029638,34.40576954
0.092755214,34.40576954
0.09248079,34.46483524
0.093304061,34.40576954
0.093029638,34.46483524
0.093852909,34.46483524
0.093304061,34.52390094
0.093029638,34.46483524
0.093029638,34.40576954
0.09467618,34.37623669
0.093852909,34.40576954
0.093852909,34.40576954
0.093852909,34.40576954
0.093578485,34.46483524
0.094127333,34.46483524
0.093852909,34.46483524
0.09467618,34.46483524
0.095225027,34.40576954
0.09467618,34.40576954
0.095773875,34.46483524
0.094950604,34.46483524
0.095225027,34.40576954
0.095225027,34.46483524
0.095773875,34.43530239
0.095225027,34.43530239
0.095773875,34.46483524
0.094950604,34.46483524
0.095773875,34.46483524
0.095773875,34.43530239
0.096048299,34.46483524
0.096048299,34.40576954
0.096048299,34.40576954
0.096048299,34.46483524
0.097145993,34.40576954
0.095773875,34.40576954
0.096597146,34.43530239
0.096597146,34.52390094
0.097145993,34.52390094
0.09687157,34.46483524
0.09687157,34.46483524
0.096597146,34.46483524
0.096322722,34.40576954
0.096048299,34.46483524
0.097694841,34.43530239
0.098243688,34.46483524
0.097145993,34.46483524
0.097420417,34.46483524
0.097694841,34.40576954
0.097145993,34.46483524
0.098243688,34.40576954
0.098243688,34.40576954
0.097420417,34.46483524
0.098518112,34.46483524
0.097420417,34.46483524
0.098518112,34.46483524
0.097969265,34.34670384
0.098792536,34.43530239
0.098792536,34.34670384
0.099066959,34.40576954
0.099066959,34.46483524
0.099066959,34.46483524
0.099066959,34.49436809
0.099066959,34.40576954
0.099066959,34.40576954
0.099066959,34.46483524
0.099341383,34.46483524
0.099066959,34.40576954
0.099341383,34.46483524
0.099890231,34.46483524
0.100164654,34.46483524
0.100439078,34.40576954
0.099615807,34.52390094
0.099890231,34.46483524
0.099890231,34.40576954
0.099890231,34.46483524
0.100439078,34.46483524
0.100713502,34.40576954
0.100713502,34.40576954
0.101262349,34.40576954
0.100713502,34.40576954
0.100713502,34.37623669
0.100713502,34.43530239
0.100713502,34.37623669
0.101262349,34.40576954
0.101262349,34.46483524
0.101262349,34.40576954
0.101811196,34.40576954
0.101262349,34.40576954
0.101262349,34.43530239
0.10208562,34.40576954
0.101536773,34.46483524
0.101811196,34.43530239
0.10208562,34.40576954
0.10208562,34.40576954
0.102360044,34.40576954
0.10208562,34.40576954
0.103183315,34.46483524
0.102908891,34.40576954
0.102360044,34.37623669
0.102908891,34.40576954
0.102908891,34.49436809
0.103183315,34.37623669
0.102908891,34.37623669
0.103732162,34.46483524
0.103732162,34.37623669
0.103457739,34.43530239
0.103183315,34.46483524
0.102908891,34.46483524
0.103732162,34.43530239
0.10428101,34.46483524
0.104555434,34.40576954
0.104829857,34.46483524
0.10428101,34.34670384
0.104829857,34.34670384
0.104006586,34.40576954
0.10428101,34.46483524
0.104829857,34.34670384
0.105104281,34.40576954
0.105104281,34.34670384
0.104829857,34.46483524
0.105104281,34.43530239
0.105104281,34.43530239
0.105378705,34.34670384
0.105653128,34.34670384
0.105104281,34.40576954
0.105653128,34.43530239
0.105104281,34.28763814
0.105653128,34.40576954
0.105927552,34.40576954
0.105653128,34.28763814
0.106750823,34.34670384
0.105927552,34.34670384
0.1064764,34.40576954
0.105378705,34.46483524
0.105927552,34.40576954
0.1064764,34.46483524
0.1064764,34.46483524
0.107025247,34.37623669
0.1064764,34.31717099
0.107299671,34.40576954
0.107299671,34.28763814
0.107299671,34.43530239
0.107025247,34.46483524
0.108122942,34.34670384
0.107574094,34.43530239
0.107574094,34.40576954
0.107299671,34.40576954
0.107299671,34.46483524
0.107299671,34.37623669
0.107848518,34.46483524
0.108671789,34.40576954
0.108671789,34.34670384
0.108671789,34.34670384
0.108122942,34.40576954
0.108671789,34.34670384
0.108671789,34.40576954
0.109220637,34.34670384
0.109769484,34.40576954
0.109220637,34.37623669
0.108671789,34.40576954
0.108946213,34.40576954
0.108671789,34.34670384
0.108946213,34.40576954
0.110043908,34.34670384
0.110318332,34.40576954
0.110318332,34.37623669
0.109220637,34.37623669
0.10949506,34.34670384
0.109769484,34.34670384
0.109769484,34.28763814
0.110318332,34.37623669
0.110592755,34.31717099
0.110867179,34.28763814
0.110318332,34.34670384
0.110318332,34.37623669
0.110867179,34.34670384
0.110867179,34.43530239
0.110867179,34.31717099
0.110867179,34.31717099
0.110592755,34.37623669
0.111416026,34.28763814
0.11169045,34.28763814
0.111141603,34.31717099
0.11169045,34.34670384
0.11169045,34.37623669
0.11169045,34.34670384
0.111416026,34.40576954
0.111416026,34.34670384
0.111416026,34.40576954
0.111964874,34.34670384
0.112239297,34.34670384
0.112788145,34.34670384
0.113062569,34.40576954
0.113062569,34.34670384
0.113062569,34.34670384
0.112239297,34.31717099
0.11388584,34.34670384
0.113062569,34.28763814
0.113611416,34.40576954
0.11388584,34.34670384
0.112788145,34.28763814
0.11388584,34.34670384
0.113062569,34.37623669
0.11388584,34.31717099
0.11388584,34.34670384
0.114434687,34.34670384
0.114709111,34.28763814
0.11388584,34.28763814
0.114434687,34.28763814
0.114434687,34.31717099
0.114709111,34.28763814
0.114434687,34.28763814
0.114983535,34.34670384
0.114983535,34.34670384
0.114983535,34.34670384
0.114709111,34.40576954
0.114983535,34.34670384
0.115532382,34.31717099
0.115532382,34.31717099
0.116081229,34.31717099
0.115532382,34.34670384
0.115806806,34.34670384
0.115257958,34.31717099
0.116355653,34.28763814
0.116081229,34.31717099
0.115532382,34.22857244
0.116081229,34.28763814
0.116630077,34.28763814
0.116630077,34.22857244
0.116904501,34.34670384
0.116630077,34.28763814
0.117453348,34.28763814
0.116630077,34.34670384
0.117453348,34.22857244
0.116630077,34.28763814
0.116630077,34.28763814
0.118002195,34.31717099
0.118002195,34.16950674
0.118002195,34.28763814
0.118002195,34.28763814
0.117727772,34.28763814
0.117453348,34.37623669
0.117453348,34.28763814
0.118825467,34.28763814
0.118002195,34.22857244
0.118002195,34.28763814
0.118002195,34.16950674
0.118825467,34.28763814
0.118276619,34.22857244
0.118551043,34.0218425
0.118825467,34.25810529
0.118002195,34.40576954
0.118276619,34.28763814
0.118276619,34.16950674
0.118825467,34.28763814
0.118825467,34.28763814
0.119648738,34.31717099
0.120197585,34.22857244
0.119648738,34.28763814
0.119648738,34.28763814
0.119374314,34.28763814
0.11909989,34.25810529
0.119648738,34.28763814
0.120472009,34.22857244
0.121020856,34.22857244
0.121020856,34.19903959
0.120197585,34.28763814
0.121020856,34.22857244
0.120197585,34.22857244
0.120472009,34.16950674
0.12129528,34.22857244
0.121569704,34.22857244
0.121569704,34.19903959
0.121020856,34.28763814
0.121569704,34.16950674
0.121569704,34.28763814
0.122392975,34.22857244
0.122392975,34.28763814
0.122118551,34.16950674
0.122667398,34.22857244
0.121844127,34.22857244
0.122392975,34.22857244
0.122392975,34.16950674
0.122392975,34.22857244
0.122392975,34.28763814
0.122392975,34.25810529
0.122941822,34.22857244
0.121844127,34.22857244
0.122392975,34.19903959
0.122392975,34.28763814
0.123765093,34.22857244
0.123765093,34.22857244
0.123765093,34.28763814
0.124039517,34.34670384
0.123765093,34.22857244
0.123216246,34.22857244
0.123765093,34.22857244
0.124588364,34.22857244
0.124588364,34.22857244
0.124313941,34.22857244
0.124588364,34.22857244
0.124588364,34.22857244
0.124039517,34.16950674
0.124588364,34.22857244
0.124862788,34.28763814
0.124862788,34.22857244
0.125137212,34.16950674
0.125411636,34.16950674
0.125411636,34.19903959
0.125686059,34.19903959
0.125411636,34.16950674
0.125137212,34.13997389
0.125411636,34.22857244
0.125411636,34.28763814
0.125411636,34.25810529
0.125411636,34.16950674
0.127058178,34.22857244
0.125960483,34.16950674
0.126783754,34.16950674
0.126234907,34.16950674
0.126234907,34.16950674
0.126234907,34.16950674
0.126234907,34.19903959
0.127332602,34.19903959
0.127607025,34.19903959
0.126783754,34.16950674
0.127058178,34.22857244
0.127332602,34.16950674
0.127332602,34.22857244
0.127058178,34.22857244
0.127607025,34.22857244
0.128155873,34.25810529
0.128155873,34.25810529
0.127607025,34.22857244
0.127332602,34.22857244
0.127607025,34.22857244
0.127332602,34.19903959
0.128155873,34.16950674
0.128155873,34.11044104
0.128430296,34.19903959
0.128979144,34.16950674
0.128979144,34.22857244
0.128979144,34.16950674
0.12870472,34.22857244
0.129802415,34.19903959
0.128979144,34.16950674
0.128979144,34.16950674
0.129527991,34.16950674
0.129527991,34.22857244
0.129253568,34.16950674
0.129253568,34.16950674
0.13090011,34.16950674
0.130625686,34.11044104
0.129802415,34.11044104
0.130076839,34.16950674
0.130625686,34.11044104
0.129802415,34.08090819
0.131448957,34.11044104
0.131448957,34.11044104
0.131174533,34.11044104
0.130625686,34.11044104
0.131174533,34.08090819
0.130351262,34.11044104
0.131174533,34.16950674
0.131174533,34.11044104
0.131997805,34.16950674
0.131997805,34.08090819
0.131448957,34.05137534
0.131174533,34.13997389
0.131997805,34.11044104
0.131174533,34.16950674
0.131723381,34.16950674
0.132546652,34.11044104
0.132821076,34.16950674
0.132546652,34.16950674
0.132821076,34.13997389
0.132546652,34.16950674
0.132821076,34.16950674
0.133095499,34.22857244
0.132821076,34.16950674
0.132821076,34.13997389
0.132546652,34.11044104
0.132821076,34.11044104
0.133369923,34.16950674
0.134193194,34.11044104
0.133369923,34.11044104
0.134193194,34.08090819
0.133644347,34.0218425
0.133369923,34.05137534
0.133369923,34.11044104
0.133369923,34.16950674
0.135016465,34.11044104
0.135016465,34.08090819
0.134467618,34.11044104
0.134742042,34.05137534
0.134742042,33.99230965
0.134742042,34.11044104
0.135016465,34.11044104
0.134742042,34.11044104
0.135016465,34.11044104
0.135839737,34.11044104
0.135565313,34.08090819
0.135016465,34.05137534
0.135565313,34.05137534
0.136937431,34.0218425
0.135290889,34.05137534
0.136663008,33.99230965
0.136388584,34.08090819
0.136937431,34.11044104
0.136388584,34.11044104
0.136388584,34.08090819
0.136937431,34.11044104
0.136663008,34.08090819
0.136388584,34.08090819
0.137211855,34.05137534
0.137211855,34.16950674
0.136937431,34.16950674
0.137211855,34.11044104
0.137486279,34.11044104
0.138035126,34.11044104
0.137760703,34.11044104
0.137760703,34.05137534
0.137211855,34.05137534
0.137211855,33.99230965
0.138583974,34.05137534
0.138583974,34.11044104
0.13830955,34.05137534
0.139132821,34.08090819
0.138583974,33.99230965
0.138035126,34.08090819
0.13830955,34.05137534
0.139132821,34.05137534
0.139132821,34.05137534
0.139407245,34.05137534
0.139407245,34.11044104
0.139407245,34.05137534
0.139681668,34.08090819
0.14050494,34.05137534
0.139956092,33.99230965
0.139956092,34.05137534
0.139956092,33.99230965
0.139681668,33.99230965
0.140779363,34.11044104
0.140779363,34.05137534
0.140779363,34.0218425
0.141053787,34.0218425
0.140779363,33.99230965
0.140230516,34.11044104
0.140779363,34.11044104
0.141328211,34.0218425
0.141328211,33.99230965
0.142151482,34.0218425
0.141328211,34.05137534
0.141328211,34.05137534
0.141602634,33.99230965
0.141328211,34.05137534
0.141328211,34.0218425
0.142700329,34.05137534
0.142425906,33.99230965
0.142700329,33.99230965
0.142974753,34.05137534
0.141877058,34.11044104
0.142151482,33.99230965
0.142151482,34.05137534
0.142974753,34.0218425
0.142974753,33.99230965
0.143249177,33.99230965
0.143798024,33.99230965
0.143249177,33.93324395
0.142974753,33.99230965
0.142974753,33.99230965
0.143798024,33.9627768
0.143798024,33.99230965
0.1435236,33.99230965
0.143798024,33.99230965
0.144621295,34.05137534
0.144346872,33.9627768
0.144895719,33.99230965
0.145170143,33.99230965
0.144346872,34.05137534
0.144346872,33.99230965
0.144621295,33.99230965
0.144346872,33.99230965
0.144346872,33.99230965
0.145170143,34.05137534
0.14571899,34.05137534
0.144621295,33.93324395
0.144621295,33.99230965
0.14571899,34.0218425
0.144895719,33.99230965
0.14571899,34.0218425
0.146816685,34.05137534
0.146542261,33.99230965
0.146542261,33.99230965
0.146542261,34.05137534
0.145993414,33.99230965
0.14571899,33.9627768
0.146816685,33.93324395
0.147365532,33.99230965
0.146542261,33.99230965
0.147365532,33.93324395
0.146542261,33.87417825
0.147365532,33.99230965
0.146816685,33.99230965
0.148188804,33.93324395
0.147639956,33.99230965
0.14791438,34.0218425
0.146816685,33.93324395
0.147365532,33.9627768
0.147639956,33.99230965
0.14791438,33.93324395
0.149012075,33.9627768
0.14791438,34.0218425
0.148463227,33.93324395
0.148737651,33.99230965
0.148188804,33.93324395
0.148188804,33.93324395
0.149012075,33.93324395
0.149835346,33.9037111
0.149560922,33.99230965
0.149286498,33.99230965
0.149835346,33.9037111
0.149012075,33.93324395
0.148737651,33.99230965
0.149560922,33.93324395
0.149560922,33.9627768
0.149286498,33.99230965
0.150109769,33.9627768
0.150109769,33.9037111
0.149560922,33.93324395
0.150384193,33.93324395
0.150658617,33.93324395
0.151481888,33.93324395
0.150933041,33.9037111
0.150384193,33.93324395
0.150658617,33.87417825
0.150933041,33.93324395
0.151207464,33.9037111
0.151756312,33.87417825
0.151756312,33.87417825
0.152305159,33.93324395
0.150933041,33.9037111
0.151481888,33.87417825
0.151756312,33.75604685
0.152305159,33.93324395
0.152305159,33.87417825
0.152579583,33.87417825
0.15312843,33.93324395
0.152579583,33.93324395
0.152305159,33.93324395
0.152305159,33.81511255
0.153402854,33.99230965
0.152579583,33.93324395
0.152854007,33.99230965
0.153402854,33.99230965
0.15312843,33.93324395
0.153402854,33.93324395
0.153951701,33.9037111
0.154500549,33.87417825
0.154774973,33.8446454
0.153951701,33.8446454
0.154774973,33.87417825
0.153951701,33.93324395
0.153951701,33.87417825
0.15532382,33.87417825
0.15532382,33.81511255
0.15532382,33.81511255
0.155598244,33.87417825
0.155598244,33.93324395
0.155872667,33.81511255
0.15532382,33.87417825
0.156147091,33.87417825
0.156147091,33.81511255
0.156147091,33.93324395
0.155872667,33.8446454
0.156147091,33.7855797
0.156147091,33.87417825
0.155872667,33.81511255
0.156970362,33.87417825
0.157244786,33.8446454
0.156695939,33.87417825
0.156147091,33.87417825
0.156421515,33.87417825
0.155872667,33.87417825
0.15751921,33.81511255
0.158068057,33.81511255
0.15751921,33.93324395
0.157793633,33.81511255
0.15751921,33.87417825
0.158068057,33.8446454
0.158068057,33.87417825
0.158342481,33.87417825
0.158068057,33.81511255
0.157793633,33.81511255
0.158342481,33.81511255
0.158342481,33.81511255
0.158068057,33.81511255
0.158891328,33.75604685
0.158891328,33.75604685
0.159165752,33.81511255
0.159165752,33.81511255
0.158891328,33.75604685
0.159165752,33.7855797
0.159440176,33.81511255
0.159440176,33.7855797
0.159714599,33.75604685
0.159440176,33.75604685
0.160263447,33.75604685
0.159714599,33.81511255
0.159714599,33.8446454
0.160263447,33.75604685
0.160812294,33.69698115
0.161361142,33.75604685
0.16053787,33.726514
0.161086718,33.75604685
0.16053787,33.75604685
0.161361142,33.7855797
0.161361142,33.75604685
0.162184413,33.69698115
0.161086718,33.69698115
0.161086718,33.75604685
0.161361142,33.81511255
0.161086718,33.75604685
0.161086718,33.75604685
0.16273326,33.6674483
0.162458836,33.75604685
0.16273326,33.7855797
0.162184413,33.75604685
0.162458836,33.69698115
0.161361142,33.75604685
0.162458836,33.75604685
0.163282108,33.7855797
0.16273326,33.7855797
0.163282108,33.7855797
0.163282108,33.75604685
0.163282108,33.726514
0.16273326,33.75604685
0.163282108,33.75604685
0.16492865,33.69698115
0.164105379,33.7855797
0.164105379,33.63791545
0.164105379,33.69698115
0.164105379,33.75604685
0.164105379,33.75604685
0.16492865,33.81511255
0.16492865,33.75604685
0.165477497,33.63791545
0.165477497,33.63791545
0.16492865,33.69698115
0.16492865,33.75604685
0.16492865,33.75604685
0.165477497,33.726514
0.16492865,33.63791545
0.165203074,33.69698115
0.165477497,33.69698115
0.165477497,33.69698115
0.165203074,33.6674483
0.165477497,33.69698115
0.166300768,33.75604685
0.166849616,33.69698115
0.166300768,33.69698115
0.166300768,33.75604685
0.166300768,33.69698115
0.166300768,33.75604685
0.16712404,33.63791545
0.167398463,33.726514
0.16712404,33.81511255
0.16712404,33.69698115
0.16712404,33.63791545
0.166849616,33.69698115
0.16712404,33.75604685
0.167672887,33.63791545
0.167672887,33.726514
0.167947311,33.75604685
0.167947311,33.63791545
0.168496158,33.63791545
0.167947311,33.6674483
0.167672887,33.6674483
0.168496158,33.63791545
0.168496158,33.6674483
0.168770582,33.69698115
0.168770582,33.69698115
0.169045005,33.6674483
0.169045005,33.57884975
0.169868277,33.69698115
0.169045005,33.6083826
0.169319429,33.57884975
0.169868277,33.6674483
0.169319429,33.6083826
0.169045005,33.63791545
0.169593853,33.69698115
0.169868277,33.57884975
0.169319429,33.63791545
0.1701427,33.63791545
0.1701427,33.6674483
0.1701427,33.63791545
0.169868277,33.63791545
0.169868277,33.63791545
0.170691548,33.57884975
0.1701427,33.63791545
0.170691548,33.69698115
0.171240395,33.63791545
0.170691548,33.6674483
0.170691548,33.6674483
0.170417124,33.63791545
0.17233809,33.63791545
0.171240395,33.63791545
0.171514819,33.6083826
0.172063666,33.63791545
0.172063666,33.6083826
0.172063666,33.63791545
0.17233809,33.57884975
0.17233809,33.57884975
0.172063666,33.57884975
0.17233809,33.6083826
0.17233809,33.63791545
0.173161361,33.57884975
0.172612514,33.63791545
0.173984632,33.63791545
0.173435785,33.57884975
0.173710209,33.6083826
0.173710209,33.57884975
0.173435785,33.57884975
0.173984632,33.57884975
0.172886937,33.6083826
0.17453348,33.57884975
0.173984632,33.63791545
0.17453348,33.63791545
0.17453348,33.6083826
0.174807903,33.57884975
0.174807903,33.6083826
0.175631175,33.57884975
0.174807903,33.63791545
0.175082327,33.63791545
0.174259056,33.57884975
0.174807903,33.6083826
0.175631175,33.57884975
0.174807903,33.57884975
0.176728869,33.57884975
0.176454446,33.57884975
0.176454446,33.57884975
0.176454446,33.57884975
0.175905598,33.54931691
0.175905598,33.51978406
0.176454446,33.57884975
0.177826564,33.6083826
0.178100988,33.57884975
0.177826564,33.57884975
0.177826564,33.57884975
0.177003293,33.57884975
0.177277717,33.57884975
0.177826564,33.57884975
0.178375412,33.57884975
0.177826564,33.49025121
0.178100988,33.57884975
0.178100988,33.51978406
0.178100988,33.49025121
0.178100988,33.51978406
0.178375412,33.49025121
0.179473106,33.51978406
0.178649835,33.54931691
0.178924259,33.49025121
0.178924259,33.54931691
0.178649835,33.51978406
0.178924259,33.51978406
0.180021954,33.49025121
0.17974753,33.49025121
0.17974753,33.46071836
0.17974753,33.46071836
0.178924259,33.40165266
0.178924259,33.51978406
0.180021954,33.46071836
0.180021954,33.49025121
0.180845225,33.49025121
0.180845225,33.46071836
0.180570801,33.49025121
0.180296378,33.51978406
0.180296378,33.51978406
0.181119649,33.54931691
0.181668496,33.49025121
0.181668496,33.46071836
0.181394072,33.51978406
0.181668496,33.49025121
0.181119649,33.49025121
0.180845225,33.46071836
0.182217344,33.46071836
0.182217344,33.51978406
0.182491767,33.46071836
0.182766191,33.51978406
0.182491767,33.51978406
0.182491767,33.54931691
0.183040615,33.46071836
0.183040615,33.46071836
0.183589462,33.49025121
0.183040615,33.46071836
0.183040615,33.46071836
0.183040615,33.40165266
0.182766191,33.49025121
0.184412733,33.40165266
0.18413831,33.43118551
0.183863886,33.46071836
0.183863886,33.37211981
0.184412733,33.49025121
0.183863886,33.40165266
0.18413831,33.40165266
0.184961581,33.40165266
0.185236004,33.40165266
0.184687157,33.37211981
0.184412733,33.43118551
0.185236004,33.40165266
0.184687157,33.34258696
0.185784852,33.40165266
0.185510428,33.34258696
0.185784852,33.37211981
0.185784852,33.37211981
0.185784852,33.34258696
0.186059276,33.34258696
0.186059276,33.40165266
0.186608123,33.40165266
0.186333699,33.40165266
0.186059276,33.34258696
0.185784852,33.34258696
0.186608123,33.31305411
0.186059276,33.37211981
0.186608123,33.40165266
0.18715697,33.40165266
0.187980241,33.34258696
0.187431394,33.40165266
0.18715697,33.34258696
0.186882547,33.37211981
0.187705818,33.40165266
0.188254665,33.40165266
0.188254665,33.31305411
0.187980241,33.28352126
0.188254665,33.31305411
0.187431394,33.28352126
0.188254665,33.34258696
0.188529089,33.31305411
0.188254665,33.28352126
0.188529089,33.22445556
0.188803513,33.25398841
0.188254665,33.28352126
0.188803513,33.28352126
0.188803513,33.28352126
0.189901207,33.22445556
0.189626784,33.22445556
0.190175631,33.16538986
0.189626784,33.22445556
0.189901207,33.22445556
0.190450055,33.16538986
0.190175631,33.19492271
0.190998902,33.13585701
0.190724479,33.22445556
0.190450055,33.22445556
0.190175631,33.19492271
0.190998902,33.16538986
0.190450055,33.16538986
0.190450055,33.16538986
0.192371021,33.13585701
0.19154775,33.16538986
0.191822173,33.13585701
0.19154775,33.22445556
0.192096597,33.16538986
0.19154775,33.10632416
0.19154775,33.10632416
0.193194292,33.04725847
0.193194292,33.13585701
0.193194292,33.04725847
0.193194292,33.04725847
0.192645445,33.04725847
0.192371021,33.07679131
0.193468716,33.04725847
0.193743139,32.95865992
0.192645445,33.04725847
0.193743139,32.98819277
0.193468716,32.87006137
0.193468716,32.84052852
0.193743139,32.81099567
0.194017563,32.84052852
0.194840834,32.81099567
0.195115258,32.81099567
0.194840834,32.75192997
0.194840834,32.78146282
0.194566411,32.10220729
0.194840834,28.32200256
0.197310648,22.12010419
0.197585071,16.00680437
0.197585071,11.19294992
0.197310648,7.796672239
0.198133919,5.581708534
0.197585071,4.311796011
